poll_at,over_under_id,projection_id,player_id,pitcher,stat_type,line,over_american,under_american,over_payout_multiplier,under_payout_multiplier,p_over_implied,p_under_implied,p_market,over_updated_at,under_updated_at,game_id,game_title,start_time,game_status,live_event,status
2026-08-30T21:50:19.140006+00:00,c932e7a6-d85f-4e82-860f-fe2e00fd7ed8,3456887e-a111-428d-8a57-7c00367a51e1,a0a4c5fe-4e94-4fa0-97bd-baa94fd7c4f3,George Kirby,strikeouts,4.5,-170,125,0.82,1.15,0.6296296296296297,0.4444444444444444,0.5862068965517242,2026-08-30T20:03:30Z,2026-08-30T20:03:30Z,144061,SEA @ BOS,2026-08-31T22:45:00Z,scheduled,False,active
2026-08-30T21:50:19.140006+00:00,d1903a4c-0e1c-45c4-995c-f33c5f1e5d95,cee7afe1-99ac-49bf-8872-143c80274df8,4953c5b7-d437-4abb-9bdb-89b1418dbf78,Clay Holmes,strikeouts,4.5,105,-143,1.09,0.88,0.4878048780487805,0.588477366255144,0.4532313718175883,2026-08-30T21:29:08Z,2026-08-30T21:29:08Z,143043,MIL @ CHC,2026-08-31T23:40:00Z,scheduled,False,active
2026-08-30T21:50:19.140006+00:00,46294450-3e6c-4a47-a2f4-01deef771187,8e9771af-37d3-4c73-8c87-8fa8740de791,bed462ca-5766-46ea-be1a-4b5b526188f4,Kyle Harrison,strikeouts,5.5,108,-145,1.09,0.87,0.4807692307692308,0.5918367346938775,0.4482253933406513,2026-08-30T21:29:28Z,2026-08-30T21:29:28Z,143043,MIL @ CHC,2026-08-31T23:40:00Z,scheduled,False,active
2026-08-30T21:50:19.140006+00:00,babddbd1-5f4f-42f7-b7a9-fbe657c78456,ad356acd-48f6-443c-9063-6b2d7d58c23e,0ddea7be-0444-4d6f-a08b-97f13703821e,Payton Tolle,strikeouts,6.5,-132,-103,0.91,1.05,0.5689655172413793,0.5073891625615764,0.528604118993135,2026-08-30T20:46:28Z,2026-08-30T20:46:28Z,144061,SEA @ BOS,2026-08-31T22:45:00Z,scheduled,False,active
2026-08-30T21:50:19.140006+00:00,647d5f46-dab7-4356-a657-bee979232b41,c5a8e0ad-033f-4a3e-bace-afb927b7a6d7,a0a4c5fe-4e94-4fa0-97bd-baa94fd7c4f3,George Kirby,pitch_outs,17.5,-125,-108,1.0,1.0,0.5555555555555556,0.5192307692307693,0.5168986083499005,2026-08-30T20:03:30Z,2026-08-30T20:03:30Z,144061,SEA @ BOS,2026-08-31T22:45:00Z,scheduled,False,active
2026-08-30T21:50:19.140006+00:00,cce3e793-27d1-47c0-b963-967736a6fe3f,66418ad4-e850-4e94-8404-83fb20d26932,4953c5b7-d437-4abb-9bdb-89b1418dbf78,Clay Holmes,pitch_outs,15.5,-110,-124,1.0,1.0,0.5238095238095238,0.5535714285714286,0.4861878453038673,2026-08-30T21:29:09Z,2026-08-30T21:29:09Z,143043,MIL @ CHC,2026-08-31T23:40:00Z,scheduled,False,active
2026-08-30T21:50:19.140006+00:00,036f385e-1626-4063-924a-5d8e0c453610,d12ea978-4221-4f2b-99b6-1a543a0f94d1,bed462ca-5766-46ea-be1a-4b5b526188f4,Kyle Harrison,pitch_outs,15.5,148,-205,1.24,0.77,0.4032258064516129,0.6721311475409836,0.3749692648143595,2026-08-30T21:29:13Z,2026-08-30T21:29:13Z,143043,MIL @ CHC,2026-08-31T23:40:00Z,scheduled,False,active
2026-08-30T21:50:19.140006+00:00,2625f400-19cb-47b8-b736-4992e90e4763,850fb877-f6fd-4a06-9a92-8db364682212,0ddea7be-0444-4d6f-a08b-97f13703821e,Payton Tolle,pitch_outs,17.5,-113,-121,1.0,1.0,0.5305164319248826,0.5475113122171946,0.49211760532849874,2026-08-30T20:03:33Z,2026-08-30T20:03:33Z,144061,SEA @ BOS,2026-08-31T22:45:00Z,scheduled,False,active
2026-08-30T21:50:19.140006+00:00,74cf5fa6-8822-4d8b-8cf3-cc4dd7999e1d,2429301e-e883-46ee-9b54-7a41be199df9,a0a4c5fe-4e94-4fa0-97bd-baa94fd7c4f3,George Kirby,runs_allowed,2.5,-130,-105,0.94,1.05,0.5652173913043478,0.5121951219512195,0.5246062992125985,2026-08-30T20:03:30Z,2026-08-30T20:03:30Z,144061,SEA @ BOS,2026-08-31T22:45:00Z,scheduled,False,active
2026-08-30T21:50:19.140006+00:00,00e788c9-3f07-4ce9-b2e7-71735b325d01,4baf0a92-ecec-4728-a595-092ea6cfd435,4953c5b7-d437-4abb-9bdb-89b1418dbf78,Clay Holmes,runs_allowed,2.5,-118,-115,1.0,1.0,0.5412844036697247,0.5348837209302325,0.5029738302934179,2026-08-30T21:29:09Z,2026-08-30T21:29:09Z,143043,MIL @ CHC,2026-08-31T23:40:00Z,scheduled,False,active
2026-08-30T21:50:19.140006+00:00,724ff56e-0b7d-4da1-8e73-438619142e6b,f74d47a6-9a67-4c80-bdba-eccbc1e819bb,bed462ca-5766-46ea-be1a-4b5b526188f4,Kyle Harrison,runs_allowed,2.5,102,-137,1.07,0.9,0.49504950495049505,0.5780590717299579,0.461322848133297,2026-08-30T21:29:13Z,2026-08-30T21:29:13Z,143043,MIL @ CHC,2026-08-31T23:40:00Z,scheduled,False,active
2026-08-30T21:50:19.140006+00:00,0277d127-c244-4280-b22f-eef0f00ce173,78a163de-0b1a-4370-8ec2-6e1863553b96,0ddea7be-0444-4d6f-a08b-97f13703821e,Payton Tolle,runs_allowed,1.5,-157,116,0.85,1.1,0.6108949416342413,0.46296296296296297,0.5688787492451184,2026-08-30T21:18:54Z,2026-08-30T20:46:28Z,144061,SEA @ BOS,2026-08-31T22:45:00Z,scheduled,False,active
2026-08-30T21:50:19.140006+00:00,ad6bab0d-4b25-4f84-b097-9629c0417c75,6c45d49f-7233-438a-9dd5-69e96ba813fc,a0a4c5fe-4e94-4fa0-97bd-baa94fd7c4f3,George Kirby,walks_allowed,1.5,153,-189,1.23,0.77,0.3952569169960474,0.6539792387543253,0.3767092039574019,2026-08-30T20:03:30Z,2026-08-30T20:03:30Z,144061,SEA @ BOS,2026-08-31T22:45:00Z,scheduled,False,active
2026-08-30T21:50:19.140006+00:00,59d12a79-6fb0-4846-a9a5-524adefddc9c,0a6a6834-08d4-48da-b360-2b71e11e6763,4953c5b7-d437-4abb-9bdb-89b1418dbf78,Clay Holmes,walks_allowed,2.5,144,-179,1.19,0.79,0.4098360655737705,0.6415770609318996,0.38979546216608923,2026-08-30T21:29:09Z,2026-08-30T21:29:09Z,143043,MIL @ CHC,2026-08-31T23:40:00Z,scheduled,False,active
2026-08-30T21:50:19.140006+00:00,fc3eb82c-cdec-44b1-ac7e-cbc5b76d4b14,8f43dcb4-9b0f-4692-8253-0398ae3702f9,bed462ca-5766-46ea-be1a-4b5b526188f4,Kyle Harrison,walks_allowed,1.5,110,-136,1.09,0.88,0.47619047619047616,0.576271186440678,0.4524539877300614,2026-08-30T21:29:28Z,2026-08-30T21:29:28Z,143043,MIL @ CHC,2026-08-31T23:40:00Z,scheduled,False,active
2026-08-30T21:50:19.140006+00:00,6d140113-beee-4630-957b-441d9f8596cf,8d0e86ac-07d9-4e70-b148-351f6e7c3196,0ddea7be-0444-4d6f-a08b-97f13703821e,Payton Tolle,walks_allowed,1.5,-104,-118,1.0,1.0,0.5098039215686274,0.5412844036697247,0.4850248160191682,2026-08-30T20:03:33Z,2026-08-30T20:03:33Z,144061,SEA @ BOS,2026-08-31T22:45:00Z,scheduled,False,active
2026-08-30T21:50:19.140006+00:00,8f631699-0e5a-495f-8e16-4b9624e84aa0,ac739d36-6bdb-48b1-8d35-7f17c9f39edd,a0a4c5fe-4e94-4fa0-97bd-baa94fd7c4f3,George Kirby,hits_allowed,5.5,-173,116,0.83,1.13,0.6336996336996337,0.46296296296296297,0.5778437557988495,2026-08-30T20:03:30Z,2026-08-30T20:03:30Z,144061,SEA @ BOS,2026-08-31T22:45:00Z,scheduled,False,active
2026-08-30T21:50:19.140006+00:00,dcd31008-b7d9-4b7f-86c4-96354be62b32,d5da9a50-6340-4de2-91c6-c764124a9f5b,4953c5b7-d437-4abb-9bdb-89b1418dbf78,Clay Holmes,hits_allowed,5.5,-113,-134,1.0,1.0,0.5305164319248826,0.5726495726495726,0.48090353557398513,2026-08-30T21:29:08Z,2026-08-30T21:29:08Z,143043,MIL @ CHC,2026-08-31T23:40:00Z,scheduled,False,active
2026-08-30T21:50:19.140006+00:00,b9850239-fa0c-4fad-9951-a9b5190ce6ee,a0f93bb7-efd0-4bf4-80af-79f2298cfa44,bed462ca-5766-46ea-be1a-4b5b526188f4,Kyle Harrison,hits_allowed,4.5,-152,102,0.88,1.08,0.6031746031746031,0.49504950495049505,0.5492272467086433,2026-08-30T21:29:12Z,2026-08-30T21:29:12Z,143043,MIL @ CHC,2026-08-31T23:40:00Z,scheduled,False,active
2026-08-30T21:50:19.140006+00:00,d5ef7756-8588-444b-be0a-a4f686dce941,161e77f2-0ff4-4539-b986-fc39a3c23e55,0ddea7be-0444-4d6f-a08b-97f13703821e,Payton Tolle,hits_allowed,4.5,-110,-136,1.0,1.0,0.5238095238095238,0.576271186440678,0.4761555392516507,2026-08-30T20:03:33Z,2026-08-30T20:03:33Z,144061,SEA @ BOS,2026-08-31T22:45:00Z,scheduled,False,active
2026-08-31T00:05:21.064023+00:00,c932e7a6-d85f-4e82-860f-fe2e00fd7ed8,3456887e-a111-428d-8a57-7c00367a51e1,a0a4c5fe-4e94-4fa0-97bd-baa94fd7c4f3,George Kirby,strikeouts,4.5,-154,114,0.85,1.12,0.6062992125984252,0.4672897196261682,0.5647405579546233,2026-08-30T22:35:36Z,2026-08-30T22:35:36Z,144061,SEA @ BOS,2026-08-31T22:45:00Z,scheduled,False,active
2026-08-31T00:05:21.064023+00:00,a72f2776-500d-499b-89d2-f6d9ec14e6ec,fcc49d44-40eb-4b09-81a5-b86cbd047620,92a02c5c-897a-4160-85ce-9aa53b5ca7fa,Brady Singer,strikeouts,4.5,111,-150,1.11,0.86,0.47393364928909953,0.6,0.44130626654898497,2026-08-30T22:06:54Z,2026-08-30T22:06:54Z,142792,SD @ CIN,2026-08-31T22:40:00Z,scheduled,False,active
2026-08-31T00:05:21.064023+00:00,d1903a4c-0e1c-45c4-995c-f33c5f1e5d95,cee7afe1-99ac-49bf-8872-143c80274df8,4953c5b7-d437-4abb-9bdb-89b1418dbf78,Clay Holmes,strikeouts,4.5,108,-143,1.09,0.88,0.4807692307692308,0.588477366255144,0.4496336318555252,2026-08-30T22:17:26Z,2026-08-30T21:29:08Z,143043,MIL @ CHC,2026-08-31T23:40:00Z,scheduled,False,active
2026-08-31T00:05:21.064023+00:00,23797b00-3408-4a73-9695-cfc5dd7e7af4,4ad96962-6daa-4371-b9ee-e7af64855b05,fba27030-9987-4ed2-b3c3-507e8e12b385,Michael King,strikeouts,6.5,113,-154,1.12,0.85,0.4694835680751174,0.6062992125984252,0.43641111989278725,2026-08-30T22:06:54Z,2026-08-30T22:06:54Z,142792,SD @ CIN,2026-08-31T22:40:00Z,scheduled,False,active
2026-08-31T00:05:21.064023+00:00,9d33234e-3502-4826-9ea1-47f727022dc0,77881d7e-a26e-4fde-ac93-590d2de5821e,16a0e87b-344b-4e95-bbd4-bf6356a29cda,Robert Stock,strikeouts,3.5,-112,-122,1.0,1.0,0.5283018867924528,0.5495495495495496,0.4901435104873048,2026-08-30T23:58:02Z,2026-08-30T23:58:02Z,142703,NYM @ TB,2026-08-31T22:40:00Z,scheduled,False,active
2026-08-31T00:05:21.064023+00:00,d7ad735f-e004-4a89-9005-cfcdd83d8d44,d020c775-510e-41b3-a817-15ceb286e9fc,b7859538-286d-4bab-841d-767601a20bf4,Ian Seymour,strikeouts,6.5,118,-159,1.11,0.84,0.45871559633027525,0.6138996138996139,0.42766090948119284,2026-08-30T22:07:35Z,2026-08-30T22:07:35Z,142703,NYM @ TB,2026-08-31T22:40:00Z,scheduled,False,active
2026-08-31T00:05:21.064023+00:00,647d5f46-dab7-4356-a657-bee979232b41,c5a8e0ad-033f-4a3e-bace-afb927b7a6d7,a0a4c5fe-4e94-4fa0-97bd-baa94fd7c4f3,George Kirby,pitch_outs,17.5,-121,-113,1.0,1.0,0.5475113122171946,0.5305164319248826,0.5078823946715012,2026-08-30T22:35:37Z,2026-08-30T22:35:37Z,144061,SEA @ BOS,2026-08-31T22:45:00Z,scheduled,False,active
2026-08-31T00:05:21.064023+00:00,aac8aa1b-b19f-41ea-a2b3-d28446e82074,b29cf332-52e6-4cf6-a160-1243c5b7a52d,92a02c5c-897a-4160-85ce-9aa53b5ca7fa,Brady Singer,pitch_outs,17.5,-150,110,0.87,1.1,0.6,0.47619047619047616,0.5575221238938053,2026-08-30T22:06:55Z,2026-08-30T22:06:55Z,142792,SD @ CIN,2026-08-31T22:40:00Z,scheduled,False,active
2026-08-31T00:05:21.064023+00:00,77fb327c-abba-4d92-90fc-4b6464977fc1,5d4fd722-d010-41d0-a9a2-a0d6f25d5463,fba27030-9987-4ed2-b3c3-507e8e12b385,Michael King,pitch_outs,17.5,-157,115,0.85,1.1,0.6108949416342413,0.46511627906976744,0.567740307795812,2026-08-30T22:06:54Z,2026-08-30T22:06:54Z,142792,SD @ CIN,2026-08-31T22:40:00Z,scheduled,False,active
2026-08-31T00:05:21.064023+00:00,036f385e-1626-4063-924a-5d8e0c453610,d12ea978-4221-4f2b-99b6-1a543a0f94d1,bed462ca-5766-46ea-be1a-4b5b526188f4,Kyle Harrison,pitch_outs,15.5,143,-197,1.21,0.78,0.411522633744856,0.6632996632996633,0.38287504350852763,2026-08-30T22:35:31Z,2026-08-30T22:46:43Z,143043,MIL @ CHC,2026-08-31T23:40:00Z,scheduled,False,active
2026-08-31T00:05:21.064023+00:00,e64a711d-476c-47eb-b175-d899ffa9f474,b9368c34-2505-49e5-97e4-2b9d1a0f1faf,b7859538-286d-4bab-841d-767601a20bf4,Ian Seymour,pitch_outs,16.5,-130,-105,0.95,1.04,0.5652173913043478,0.5121951219512195,0.5246062992125985,2026-08-30T23:53:02Z,2026-08-30T23:53:02Z,142703,NYM @ TB,2026-08-31T22:40:00Z,scheduled,False,active
2026-08-31T00:05:21.064023+00:00,2625f400-19cb-47b8-b736-4992e90e4763,850fb877-f6fd-4a06-9a92-8db364682212,0ddea7be-0444-4d6f-a08b-97f13703821e,Payton Tolle,pitch_outs,17.5,-118,-115,1.0,1.0,0.5412844036697247,0.5348837209302325,0.5029738302934179,2026-08-30T23:49:30Z,2026-08-30T23:49:30Z,144061,SEA @ BOS,2026-08-31T22:45:00Z,scheduled,False,active
2026-08-31T00:05:21.064023+00:00,2e727d87-025e-448b-bca8-57b2f3208787,d86fc7c3-0399-4995-b89b-8f0c613ed5cf,16a0e87b-344b-4e95-bbd4-bf6356a29cda,Robert Stock,pitch_outs,13.5,-124,-110,1.0,1.0,0.5535714285714286,0.5238095238095238,0.5138121546961325,2026-08-30T22:07:29Z,2026-08-30T22:07:29Z,142703,NYM @ TB,2026-08-31T22:40:00Z,scheduled,False,active
2026-08-31T00:05:21.064023+00:00,f5918a77-0631-47ee-bf79-f6d41efeb020,636a5dfb-c28a-4516-bc76-50c69bf2d8ac,92a02c5c-897a-4160-85ce-9aa53b5ca7fa,Brady Singer,runs_allowed,2.5,-136,100,0.9,1.06,0.576271186440678,0.5,0.5354330708661418,2026-08-30T22:06:55Z,2026-08-30T22:06:55Z,142792,SD @ CIN,2026-08-31T22:40:00Z,scheduled,False,active
2026-08-31T00:05:21.064023+00:00,00e788c9-3f07-4ce9-b2e7-71735b325d01,4baf0a92-ecec-4728-a595-092ea6cfd435,4953c5b7-d437-4abb-9bdb-89b1418dbf78,Clay Holmes,runs_allowed,2.5,-113,-121,1.0,1.0,0.5305164319248826,0.5475113122171946,0.49211760532849874,2026-08-30T22:35:32Z,2026-08-30T22:35:32Z,143043,MIL @ CHC,2026-08-31T23:40:00Z,scheduled,False,active
2026-08-31T00:05:21.064023+00:00,87163905-2e01-472c-bea0-a60a3e7e907e,114c27bc-4626-412f-917e-778e62ff8d5c,fba27030-9987-4ed2-b3c3-507e8e12b385,Michael King,runs_allowed,2.5,102,-137,1.07,0.9,0.49504950495049505,0.5780590717299579,0.461322848133297,2026-08-30T22:06:54Z,2026-08-30T22:06:54Z,142792,SD @ CIN,2026-08-31T22:40:00Z,scheduled,False,active
2026-08-31T00:05:21.064023+00:00,724ff56e-0b7d-4da1-8e73-438619142e6b,f74d47a6-9a67-4c80-bdba-eccbc1e819bb,bed462ca-5766-46ea-be1a-4b5b526188f4,Kyle Harrison,runs_allowed,2.5,109,-148,1.1,0.87,0.4784688995215311,0.5967741935483871,0.4449867221703869,2026-08-30T22:35:31Z,2026-08-30T22:35:31Z,143043,MIL @ CHC,2026-08-31T23:40:00Z,scheduled,False,active
2026-08-31T00:05:21.064023+00:00,515eba00-9c79-4aaa-9237-66d87e4383c9,c1ad1481-baa1-4219-bff3-87a69fed192a,16a0e87b-344b-4e95-bbd4-bf6356a29cda,Robert Stock,runs_allowed,2.5,111,-150,1.11,0.86,0.47393364928909953,0.6,0.44130626654898497,2026-08-30T22:07:29Z,2026-08-30T22:07:29Z,142703,NYM @ TB,2026-08-31T22:40:00Z,scheduled,False,active
2026-08-31T00:05:21.064023+00:00,9668681b-ed3f-4d5d-850e-000d2cc735bc,be744b72-6f5f-44b3-9733-e961372ef646,b7859538-286d-4bab-841d-767601a20bf4,Ian Seymour,runs_allowed,1.5,-162,118,0.84,1.11,0.6183206106870229,0.45871559633027525,0.5740945445087458,2026-08-30T22:07:35Z,2026-08-30T22:07:35Z,142703,NYM @ TB,2026-08-31T22:40:00Z,scheduled,False,active
2026-08-31T00:05:21.064023+00:00,0277d127-c244-4280-b22f-eef0f00ce173,78a163de-0b1a-4370-8ec2-6e1863553b96,0ddea7be-0444-4d6f-a08b-97f13703821e,Payton Tolle,runs_allowed,1.5,-150,111,0.86,1.11,0.6,0.47393364928909953,0.5586937334510149,2026-08-30T22:35:41Z,2026-08-30T22:35:41Z,144061,SEA @ BOS,2026-08-31T22:45:00Z,scheduled,False,active
2026-08-31T00:05:21.064023+00:00,6048f8de-2620-4339-bb5b-126fb572ccd3,ba90187f-77d8-414c-b031-b4b1e599053d,92a02c5c-897a-4160-85ce-9aa53b5ca7fa,Brady Singer,walks_allowed,1.5,-136,110,0.88,1.09,0.576271186440678,0.47619047619047616,0.5475460122699387,2026-08-30T22:06:55Z,2026-08-30T22:06:55Z,142792,SD @ CIN,2026-08-31T22:40:00Z,scheduled,False,active
2026-08-31T00:05:21.064023+00:00,59d12a79-6fb0-4846-a9a5-524adefddc9c,0a6a6834-08d4-48da-b360-2b71e11e6763,4953c5b7-d437-4abb-9bdb-89b1418dbf78,Clay Holmes,walks_allowed,2.5,138,-170,1.16,0.8,0.42016806722689076,0.6296296296296297,0.40023717758671806,2026-08-30T22:17:26Z,2026-08-30T22:17:26Z,143043,MIL @ CHC,2026-08-31T23:40:00Z,scheduled,False,active
2026-08-31T00:05:21.064023+00:00,453a031a-bfcb-4dd7-8847-6d9b2d1c1bec,f2a4924a-a377-4caa-8107-26b8a343aa61,fba27030-9987-4ed2-b3c3-507e8e12b385,Michael King,walks_allowed,1.5,-193,156,0.77,1.25,0.658703071672355,0.390625,0.6277379681862073,2026-08-30T22:06:54Z,2026-08-30T22:06:54Z,142792,SD @ CIN,2026-08-31T22:40:00Z,scheduled,False,active
2026-08-31T00:05:21.064023+00:00,fc3eb82c-cdec-44b1-ac7e-cbc5b76d4b14,8f43dcb4-9b0f-4692-8253-0398ae3702f9,bed462ca-5766-46ea-be1a-4b5b526188f4,Kyle Harrison,walks_allowed,1.5,106,-130,1.06,0.9,0.4854368932038835,0.5652173913043478,0.4620329449578144,2026-08-30T22:35:31Z,2026-08-30T22:35:31Z,143043,MIL @ CHC,2026-08-31T23:40:00Z,scheduled,False,active
2026-08-31T00:05:21.064023+00:00,d4d23ef7-a101-4307-a977-eb6233954cbb,27e24100-57b7-48ce-b202-cdd5866e8553,16a0e87b-344b-4e95-bbd4-bf6356a29cda,Robert Stock,walks_allowed,1.5,-182,147,0.78,1.2,0.6453900709219859,0.4048582995951417,0.614511851710091,2026-08-30T22:07:29Z,2026-08-30T22:07:29Z,142703,NYM @ TB,2026-08-31T22:40:00Z,scheduled,False,active
2026-08-31T00:05:21.064023+00:00,c609be80-3f09-41e4-9a8a-11a90a28275c,ef475044-3935-428a-92de-7aebd485233e,b7859538-286d-4bab-841d-767601a20bf4,Ian Seymour,walks_allowed,1.5,115,-137,1.1,0.88,0.46511627906976744,0.5780590717299579,0.4458658639826921,2026-08-30T23:52:38Z,2026-08-30T22:07:36Z,142703,NYM @ TB,2026-08-31T22:40:00Z,scheduled,False,active
2026-08-31T00:05:21.064023+00:00,bf8f51a2-78ef-4987-a9c7-f541784afd7d,277398fc-7bbc-4cf5-a6ee-6ddde90b2a43,92a02c5c-897a-4160-85ce-9aa53b5ca7fa,Brady Singer,hits_allowed,5.5,-152,102,0.88,1.08,0.6031746031746031,0.49504950495049505,0.5492272467086433,2026-08-30T22:06:54Z,2026-08-30T22:06:54Z,142792,SD @ CIN,2026-08-31T22:40:00Z,scheduled,False,active
2026-08-31T00:05:21.064023+00:00,dcd31008-b7d9-4b7f-86c4-96354be62b32,d5da9a50-6340-4de2-91c6-c764124a9f5b,4953c5b7-d437-4abb-9bdb-89b1418dbf78,Clay Holmes,hits_allowed,5.5,-108,-139,1.04,0.91,0.5192307692307693,0.5815899581589958,0.4716760470725825,2026-08-30T22:35:32Z,2026-08-30T22:35:32Z,143043,MIL @ CHC,2026-08-31T23:40:00Z,scheduled,False,active
2026-08-31T00:05:21.064023+00:00,056613db-b292-40f0-aec2-c4b121d85859,209dd718-d9ee-4254-94cf-1bbbb03b0cdf,fba27030-9987-4ed2-b3c3-507e8e12b385,Michael King,hits_allowed,4.5,-176,118,0.82,1.14,0.6376811594202898,0.45871559633027525,0.5816153286441911,2026-08-30T22:06:54Z,2026-08-30T22:06:54Z,142792,SD @ CIN,2026-08-31T22:40:00Z,scheduled,False,active
2026-08-31T00:05:21.064023+00:00,b9850239-fa0c-4fad-9951-a9b5190ce6ee,a0f93bb7-efd0-4bf4-80af-79f2298cfa44,bed462ca-5766-46ea-be1a-4b5b526188f4,Kyle Harrison,hits_allowed,4.5,-141,-107,0.91,1.05,0.5850622406639004,0.5169082125603864,0.5309237093898934,2026-08-30T22:35:31Z,2026-08-30T22:35:31Z,143043,MIL @ CHC,2026-08-31T23:40:00Z,scheduled,False,active
2026-08-31T00:05:21.064023+00:00,c515787d-546d-4e83-811d-d0c23b6c3abe,652ac7be-398c-49a2-923f-65a62554b619,16a0e87b-344b-4e95-bbd4-bf6356a29cda,Robert Stock,hits_allowed,4.5,-136,-109,0.95,1.04,0.576271186440678,0.5215311004784688,0.5249316687596957,2026-08-30T22:07:29Z,2026-08-30T22:07:29Z,142703,NYM @ TB,2026-08-31T22:40:00Z,scheduled,False,active
2026-08-31T00:05:21.064023+00:00,c71c786f-7aeb-4698-9299-26f8ec792c68,2864b1f9-5486-44de-bd58-9808ea499359,b7859538-286d-4bab-841d-767601a20bf4,Ian Seymour,hits_allowed,4.5,100,-150,1.08,0.88,0.5,0.6,0.45454545454545453,2026-08-30T22:07:35Z,2026-08-30T22:07:35Z,142703,NYM @ TB,2026-08-31T22:40:00Z,scheduled,False,active
2026-08-31T05:29:05.108083+00:00,bd81be1f-6eaf-44b9-b6f1-9704c7d55fe6,05ed650c-96a9-46e8-b208-9c11f75269c9,8efbb831-7fbf-41ca-aafe-9847bb41c8fb,Jacob deGrom,strikeouts,6.5,-130,-104,0.94,1.05,0.5652173913043478,0.5098039215686274,0.5257731958762887,2026-08-31T02:29:00Z,2026-08-31T02:29:00Z,144275,ATH @ TEX,2026-09-01T00:05:00Z,scheduled,False,active
2026-08-31T05:29:05.108083+00:00,c932e7a6-d85f-4e82-860f-fe2e00fd7ed8,6e017a85-ed55-4908-b6fb-f336d4588aa6,a0a4c5fe-4e94-4fa0-97bd-baa94fd7c4f3,George Kirby,strikeouts,4.5,-118,-115,1.0,1.0,0.5412844036697247,0.5348837209302325,0.5029738302934179,2026-08-31T03:45:04Z,2026-08-31T03:45:05Z,144061,SEA @ BOS,2026-08-31T22:45:00Z,scheduled,False,active
2026-08-31T05:29:05.108083+00:00,a72f2776-500d-499b-89d2-f6d9ec14e6ec,654a7e87-6e42-40a4-9204-e21a78edd385,92a02c5c-897a-4160-85ce-9aa53b5ca7fa,Brady Singer,strikeouts,4.5,124,-167,1.14,0.82,0.44642857142857145,0.6254681647940075,0.41648468209895806,2026-08-31T01:17:03Z,2026-08-31T01:17:03Z,142792,SD @ CIN,2026-08-31T22:40:00Z,scheduled,False,active
2026-08-31T05:29:05.108083+00:00,1e199762-7f4c-4df5-8c39-eaebb4b25bb8,4b341a4c-df11-4c8f-b6d8-aefc9b634ca9,96e59343-f6f6-4f31-a8d8-2ccaadb641ea,Taj Bradley,strikeouts,5.5,-162,119,0.84,1.12,0.6183206106870229,0.45662100456621,0.5752132040597945,2026-08-31T02:48:15Z,2026-08-31T02:48:15Z,143456,DET @ MIN,2026-08-31T23:40:00Z,scheduled,False,active
2026-08-31T05:29:05.108083+00:00,d1903a4c-0e1c-45c4-995c-f33c5f1e5d95,2856d2d5-3cd5-4c57-8ebb-62ce7336f5c9,4953c5b7-d437-4abb-9bdb-89b1418dbf78,Clay Holmes,strikeouts,4.5,119,-162,1.12,0.84,0.45662100456621,0.6183206106870229,0.4247867959402056,2026-08-31T01:05:03Z,2026-08-31T01:05:03Z,143043,MIL @ CHC,2026-08-31T23:40:00Z,scheduled,False,active
2026-08-31T05:29:05.108083+00:00,23797b00-3408-4a73-9695-cfc5dd7e7af4,caa35e9c-2e64-4fd2-97a1-295098815ccc,fba27030-9987-4ed2-b3c3-507e8e12b385,Michael King,strikeouts,5.5,-162,120,0.83,1.12,0.6183206106870229,0.45454545454545453,0.5763260025873221,2026-08-31T00:34:04Z,2026-08-31T00:34:04Z,142792,SD @ CIN,2026-08-31T22:40:00Z,scheduled,False,active
2026-08-31T05:29:05.108083+00:00,4b1dcabd-4f14-42a4-a660-7de57ab59e6f,ee09df7e-ce47-4bb0-82c4-8ca023036750,4cec5079-1a9c-4515-b1ec-cb246d3c78b1,Aaron Nola,strikeouts,4.5,-139,103,0.89,1.08,0.5815899581589958,0.49261083743842365,0.5414164284206688,2026-08-31T04:24:51Z,2026-08-31T04:24:51Z,143937,PHI @ AZ,2026-09-01T01:40:00Z,scheduled,False,active
2026-08-31T05:29:05.108083+00:00,dc508a7f-fa6c-45b9-aa7d-019f23aac84e,91a8c013-86c5-4cc4-a61b-1637ce531380,1780ec99-888d-47c8-87aa-a09447544fd1,Ryan Gusto,strikeouts,3.5,-134,-102,0.91,1.05,0.5726495726495726,0.504950495049505,0.5314119679597926,2026-08-31T04:34:03Z,2026-08-31T04:34:03Z,144012,MIA @ WSH,2026-08-31T22:45:00Z,scheduled,False,active
2026-08-31T05:29:05.108083+00:00,77a07f3a-b38e-46e3-b215-1d13b7efdada,3548ec7a-cf8a-4fc1-a6be-35d72e4866fd,c9864d79-20e6-44c6-84b8-ef6187b1589f,Jackson Jobe,strikeouts,3.5,102,-137,1.07,0.9,0.49504950495049505,0.5780590717299579,0.461322848133297,2026-08-31T01:53:17Z,2026-08-31T01:53:17Z,143456,DET @ MIN,2026-08-31T23:40:00Z,scheduled,False,active
2026-08-31T05:29:05.108083+00:00,e6c70a76-9547-4d64-bacd-8e4bd8556d19,ecda8c20-8a96-466f-8858-87eb90191d21,3a4b7faa-622d-41cf-867d-078cc7c5a2ae,Tanner Gordon,strikeouts,4.5,108,-145,1.09,0.87,0.4807692307692308,0.5918367346938775,0.4482253933406513,2026-08-31T02:24:11Z,2026-08-31T02:24:11Z,143607,BAL @ COL,2026-09-01T00:40:00Z,scheduled,False,active
2026-08-31T05:29:05.108083+00:00,bb6cf108-7896-4969-baea-e6ebeb98a17c,70db9f98-8d04-42f1-af16-ff5d0fa86744,6c22ff70-0805-4cee-9153-b4c815db7197,Anthony Kay,strikeouts,3.5,-176,128,0.81,1.17,0.6376811594202898,0.43859649122807015,0.592487597448618,2026-08-31T02:47:05Z,2026-08-31T02:47:05Z,143544,CWS @ HOU,2026-09-01T00:10:00Z,scheduled,False,active
2026-08-31T05:29:05.108083+00:00,372744bf-897b-40a7-b89b-ff29656441bc,6872c3d0-9aed-4d8c-b02c-2223a6c60281,a9212360-fbc2-4e0b-8bbc-34bf8829e8b1,Elmer Rodríguez,strikeouts,4.5,115,-157,1.1,0.85,0.46511627906976744,0.6108949416342413,0.43225969220418803,2026-08-31T01:10:46Z,2026-08-31T01:10:46Z,142712,NYY @ LAA,2026-09-01T01:38:00Z,scheduled,False,active
2026-08-31T05:29:05.108083+00:00,babddbd1-5f4f-42f7-b7a9-fbe657c78456,f6abc835-1310-4f46-aa01-b5b1470f2a42,0ddea7be-0444-4d6f-a08b-97f13703821e,Payton Tolle,strikeouts,7.5,117,-159,1.11,0.84,0.4608294930875576,0.6138996138996139,0.42878664966971836,2026-08-31T05:16:45Z,2026-08-31T05:16:45Z,144061,SEA @ BOS,2026-08-31T22:45:00Z,scheduled,False,active
2026-08-31T05:29:05.108083+00:00,66e52bcd-186d-4efe-9eca-e884a1bfdd38,8040434d-5151-4dd9-a5d0-79983c8cf2c3,46d24d84-b809-423a-8c1c-fbdbd28acd3d,Will Dion,strikeouts,4.5,118,-162,1.12,0.84,0.45871559633027525,0.6183206106870229,0.42590545549125436,2026-08-31T04:35:03Z,2026-08-31T04:35:03Z,144012,MIA @ WSH,2026-08-31T22:45:00Z,scheduled,False,active
2026-08-31T05:29:05.108083+00:00,9c2da931-36a2-4218-8554-613be7a8f28d,035e8ea9-a688-4e24-9082-31c8a709ae80,58d49cea-e36a-4a25-9980-b5a2988d46f9,Walbert Ureña,strikeouts,5.5,109,-148,1.1,0.87,0.4784688995215311,0.5967741935483871,0.4449867221703869,2026-08-31T03:06:11Z,2026-08-31T03:06:11Z,142712,NYY @ LAA,2026-09-01T01:38:00Z,scheduled,False,active
2026-08-31T05:29:05.108083+00:00,9d33234e-3502-4826-9ea1-47f727022dc0,512d7541-3134-4934-a943-e56acffc8c59,16a0e87b-344b-4e95-bbd4-bf6356a29cda,Robert Stock,strikeouts,3.5,119,-162,1.12,0.84,0.45662100456621,0.6183206106870229,0.4247867959402056,2026-08-31T03:52:38Z,2026-08-31T03:52:38Z,142703,NYM @ TB,2026-08-31T22:40:00Z,scheduled,False,active
2026-08-31T05:29:05.108083+00:00,d7ad735f-e004-4a89-9005-cfcdd83d8d44,83d02010-d312-4107-bbf4-72fe5e49621b,b7859538-286d-4bab-841d-767601a20bf4,Ian Seymour,strikeouts,6.5,110,-150,1.1,0.87,0.47619047619047616,0.6,0.4424778761061947,2026-08-31T04:19:58Z,2026-08-31T04:19:58Z,142703,NYM @ TB,2026-08-31T22:40:00Z,scheduled,False,active
2026-08-31T05:29:05.108083+00:00,77a57cf4-19d4-44e1-bba9-16d4256c9891,8200ac06-6f13-4dfe-b204-bf6299cc032c,b20df332-5bcf-4960-8301-c63eadae5944,Peter Lambert,strikeouts,5.5,102,-137,1.07,0.9,0.49504950495049505,0.5780590717299579,0.461322848133297,2026-08-31T01:24:03Z,2026-08-31T01:24:03Z,143544,CWS @ HOU,2026-09-01T00:10:00Z,scheduled,False,active
2026-08-31T05:29:05.108083+00:00,80d92c48-3b9c-49a2-8c5f-600d00b4cceb,a7172cb5-db22-4fd7-b930-6b8657c7b498,3919c8cf-bd48-40e9-89b4-d9b220f8db5b,Gage Jump,strikeouts,5.5,107,-145,1.09,0.87,0.4830917874396135,0.5918367346938775,0.4494175914885811,2026-08-31T01:24:03Z,2026-08-31T01:24:03Z,144275,ATH @ TEX,2026-09-01T00:05:00Z,scheduled,False,active
2026-08-31T05:29:05.108083+00:00,81797aad-6fb5-4f32-b787-3320f5eaf1c8,a70156fa-12ea-438d-a5ca-60c4f0e6b5ac,8efbb831-7fbf-41ca-aafe-9847bb41c8fb,Jacob deGrom,pitch_outs,17.5,-167,124,0.82,1.14,0.6254681647940075,0.44642857142857145,0.583515317901042,2026-08-31T00:47:05Z,2026-08-31T00:47:05Z,144275,ATH @ TEX,2026-09-01T00:05:00Z,scheduled,False,active
2026-08-31T05:29:05.108083+00:00,647d5f46-dab7-4356-a657-bee979232b41,c5a8e0ad-033f-4a3e-bace-afb927b7a6d7,a0a4c5fe-4e94-4fa0-97bd-baa94fd7c4f3,George Kirby,pitch_outs,17.5,-109,-129,1.0,1.0,0.5215311004784688,0.5633187772925764,0.48074034128115245,2026-08-31T05:23:18Z,2026-08-31T02:51:34Z,144061,SEA @ BOS,2026-08-31T22:45:00Z,scheduled,False,active
2026-08-31T05:29:05.108083+00:00,aac8aa1b-b19f-41ea-a2b3-d28446e82074,b270a4f4-a244-4230-997d-b3f59783e7c0,92a02c5c-897a-4160-85ce-9aa53b5ca7fa,Brady Singer,pitch_outs,17.5,-134,-102,0.91,1.05,0.5726495726495726,0.504950495049505,0.5314119679597926,2026-08-31T01:17:02Z,2026-08-31T01:17:02Z,142792,SD @ CIN,2026-08-31T22:40:00Z,scheduled,False,active
2026-08-31T05:29:05.108083+00:00,6cb5546a-1fc9-44b5-a2b3-fbb798fc3f04,5041a3fc-8dea-4365-a887-aa5175eae2a3,96e59343-f6f6-4f31-a8d8-2ccaadb641ea,Taj Bradley,pitch_outs,17.5,-130,-104,0.94,1.05,0.5652173913043478,0.5098039215686274,0.5257731958762887,2026-08-31T01:42:02Z,2026-08-31T01:42:02Z,143456,DET @ MIN,2026-08-31T23:40:00Z,scheduled,False,active
2026-08-31T05:29:05.108083+00:00,77fb327c-abba-4d92-90fc-4b6464977fc1,546e04dc-b751-420c-b5de-a8578781e78a,fba27030-9987-4ed2-b3c3-507e8e12b385,Michael King,pitch_outs,17.5,-157,115,0.85,1.1,0.6108949416342413,0.46511627906976744,0.567740307795812,2026-08-31T02:19:06Z,2026-08-31T02:19:06Z,142792,SD @ CIN,2026-08-31T22:40:00Z,scheduled,False,active
2026-08-31T05:29:05.108083+00:00,6a5da083-976b-4c93-b65d-ad138a4a7ba5,5c74c552-9b86-4faa-a40d-fd18db077964,4cec5079-1a9c-4515-b1ec-cb246d3c78b1,Aaron Nola,pitch_outs,17.5,-120,-113,1.0,1.0,0.5454545454545454,0.5305164319248826,0.5069416898056327,2026-08-31T03:25:05Z,2026-08-31T03:25:05Z,143937,PHI @ AZ,2026-09-01T01:40:00Z,scheduled,False,active
2026-08-31T05:29:05.108083+00:00,0d1839b2-9a1f-4949-8bde-12363ef0a4a6,6789f82e-574d-4fa2-a926-af5783fd4391,1780ec99-888d-47c8-87aa-a09447544fd1,Ryan Gusto,pitch_outs,14.5,-159,118,0.84,1.11,0.6138996138996139,0.45871559633027525,0.5723390905188072,2026-08-31T04:34:03Z,2026-08-31T04:34:03Z,144012,MIA @ WSH,2026-08-31T22:45:00Z,scheduled,False,active
2026-08-31T05:29:05.108083+00:00,a67818fd-4915-4ea3-890f-424fb767e58c,24854e32-68ca-4126-bb57-487358fbc9d0,c9864d79-20e6-44c6-84b8-ef6187b1589f,Jackson Jobe,pitch_outs,14.5,-176,129,0.81,1.17,0.6376811594202898,0.4366812227074236,0.5935438265786994,2026-08-31T01:32:02Z,2026-08-31T01:32:02Z,143456,DET @ MIN,2026-08-31T23:40:00Z,scheduled,False,active
2026-08-31T05:29:05.108083+00:00,036f385e-1626-4063-924a-5d8e0c453610,22e51fd2-f3e3-49bd-b6a9-0f153c89e77c,bed462ca-5766-46ea-be1a-4b5b526188f4,Kyle Harrison,pitch_outs,15.5,124,-170,1.15,0.82,0.44642857142857145,0.6296296296296297,0.4148740012292563,2026-08-31T00:10:04Z,2026-08-31T00:10:04Z,143043,MIL @ CHC,2026-08-31T23:40:00Z,scheduled,False,active
2026-08-31T05:29:05.108083+00:00,5f6bca6b-20da-42d8-8a5d-275f1a896396,0e972801-e26a-4abe-bec6-98618c5426b7,3a4b7faa-622d-41cf-867d-078cc7c5a2ae,Tanner Gordon,pitch_outs,15.5,102,-134,1.07,0.91,0.49504950495049505,0.5726495726495726,0.46366014107949594,2026-08-31T05:15:51Z,2026-08-31T02:24:11Z,143607,BAL @ COL,2026-09-01T00:40:00Z,scheduled,False,active
2026-08-31T05:29:05.108083+00:00,0bf90fe3-ea72-47c5-b08d-6066d1ec3331,015134a0-5c38-4486-ba38-0a92b3d9707c,3919c8cf-bd48-40e9-89b4-d9b220f8db5b,Gage Jump,pitch_outs,15.5,-129,-106,1.0,1.0,0.5633187772925764,0.5145631067961165,0.5226164254247954,2026-08-31T03:17:01Z,2026-08-31T03:17:01Z,144275,ATH @ TEX,2026-09-01T00:05:00Z,scheduled,False,active
2026-08-31T05:29:05.108083+00:00,2e727d87-025e-448b-bca8-57b2f3208787,d86fc7c3-0399-4995-b89b-8f0c613ed5cf,16a0e87b-344b-4e95-bbd4-bf6356a29cda,Robert Stock,pitch_outs,13.5,-114,-120,1.0,1.0,0.5327102803738317,0.5454545454545454,0.4940898345153664,2026-08-31T02:56:27Z,2026-08-31T02:56:27Z,142703,NYM @ TB,2026-08-31T22:40:00Z,scheduled,False,active
2026-08-31T05:29:05.108083+00:00,c791b6e9-7903-410f-a8e1-c8e140003586,29aec38f-c3cc-461d-b902-c74b37633ac6,6c22ff70-0805-4cee-9153-b4c815db7197,Anthony Kay,pitch_outs,15.5,-110,-124,1.0,1.0,0.5238095238095238,0.5535714285714286,0.4861878453038673,2026-08-31T00:35:05Z,2026-08-31T00:35:05Z,143544,CWS @ HOU,2026-09-01T00:10:00Z,scheduled,False,active
2026-08-31T05:29:05.108083+00:00,e7f58b6f-fd06-4f20-89f7-a585bf6dcdae,d9cf4a20-b522-4504-bd5d-dab1cb719a41,b20df332-5bcf-4960-8301-c63eadae5944,Peter Lambert,pitch_outs,16.5,-115,-117,1.0,1.0,0.5348837209302325,0.5391705069124424,0.49800439034124927,2026-08-31T03:13:18Z,2026-08-31T03:13:18Z,143544,CWS @ HOU,2026-09-01T00:10:00Z,scheduled,False,active
2026-08-31T05:29:05.108083+00:00,1ae87173-4975-4c80-896f-3e32ffbd20bc,1962945b-fdff-425a-84ca-4fc2aacbcce3,a9212360-fbc2-4e0b-8bbc-34bf8829e8b1,Elmer Rodríguez,pitch_outs,14.5,-134,-103,0.91,1.05,0.5726495726495726,0.5073891625615764,0.5302120692343677,2026-08-31T03:06:11Z,2026-08-31T03:06:11Z,142712,NYY @ LAA,2026-09-01T01:38:00Z,scheduled,False,active
2026-08-31T05:29:05.108083+00:00,39ab4a6d-8140-4785-8dc0-1f5cce62642e,00f92752-d713-4a3f-8a35-c865c10ebe39,58d49cea-e36a-4a25-9980-b5a2988d46f9,Walbert Ureña,pitch_outs,15.5,118,-159,1.11,0.84,0.45871559633027525,0.6138996138996139,0.42766090948119284,2026-08-31T03:06:11Z,2026-08-31T03:06:11Z,142712,NYY @ LAA,2026-09-01T01:38:00Z,scheduled,False,active
2026-08-31T05:29:05.108083+00:00,2625f400-19cb-47b8-b736-4992e90e4763,850fb877-f6fd-4a06-9a92-8db364682212,0ddea7be-0444-4d6f-a08b-97f13703821e,Payton Tolle,pitch_outs,17.5,-130,-104,0.94,1.05,0.5652173913043478,0.5098039215686274,0.5257731958762887,2026-08-31T05:23:12Z,2026-08-31T05:23:12Z,144061,SEA @ BOS,2026-08-31T22:45:00Z,scheduled,False,active
2026-08-31T05:29:05.108083+00:00,b0df6469-ce78-4670-ae32-305da3b4ee9c,a31b7dd1-7bde-43a5-b68f-d62d50f9c0fa,46d24d84-b809-423a-8c1c-fbdbd28acd3d,Will Dion,pitch_outs,12.5,-120,-113,1.0,1.0,0.5454545454545454,0.5305164319248826,0.5069416898056327,2026-08-31T03:55:59Z,2026-08-31T03:55:59Z,144012,MIA @ WSH,2026-08-31T22:45:00Z,scheduled,False,active
2026-08-31T05:29:05.108083+00:00,cae4d2f8-899a-4848-8e0e-1e9e8762a9a9,463416f7-fb1b-4668-ae64-8ea9689e7ee6,8efbb831-7fbf-41ca-aafe-9847bb41c8fb,Jacob deGrom,runs_allowed,1.5,-115,-118,1.0,1.0,0.5348837209302325,0.5412844036697247,0.4970261697065821,2026-08-31T00:47:05Z,2026-08-31T00:47:05Z,144275,ATH @ TEX,2026-09-01T00:05:00Z,scheduled,False,active
2026-08-31T05:29:05.108083+00:00,74cf5fa6-8822-4d8b-8cf3-cc4dd7999e1d,2429301e-e883-46ee-9b54-7a41be199df9,a0a4c5fe-4e94-4fa0-97bd-baa94fd7c4f3,George Kirby,runs_allowed,2.5,-139,-102,0.89,1.05,0.5815899581589958,0.504950495049505,0.5352676528900412,2026-08-31T02:51:21Z,2026-08-31T05:23:18Z,144061,SEA @ BOS,2026-08-31T22:45:00Z,scheduled,False,active
2026-08-31T05:29:05.108083+00:00,7a77f28e-d65e-4609-88b1-644345188d2f,2ed7c6d4-a59d-4ddf-a730-01cba1353976,96e59343-f6f6-4f31-a8d8-2ccaadb641ea,Taj Bradley,runs_allowed,2.5,100,-136,1.06,0.9,0.5,0.576271186440678,0.4645669291338583,2026-08-31T05:23:19Z,2026-08-31T05:23:19Z,143456,DET @ MIN,2026-08-31T23:40:00Z,scheduled,False,active
2026-08-31T05:29:05.108083+00:00,00e788c9-3f07-4ce9-b2e7-71735b325d01,4baf0a92-ecec-4728-a595-092ea6cfd435,4953c5b7-d437-4abb-9bdb-89b1418dbf78,Clay Holmes,runs_allowed,2.5,-105,-130,1.05,0.94,0.5121951219512195,0.5652173913043478,0.4753937007874017,2026-08-31T02:27:51Z,2026-08-31T02:27:51Z,143043,MIL @ CHC,2026-08-31T23:40:00Z,scheduled,False,active
2026-08-31T05:29:05.108083+00:00,87163905-2e01-472c-bea0-a60a3e7e907e,114c27bc-4626-412f-917e-778e62ff8d5c,fba27030-9987-4ed2-b3c3-507e8e12b385,Michael King,runs_allowed,2.5,102,-139,1.07,0.89,0.49504950495049505,0.5815899581589958,0.45980991958136136,2026-08-31T03:25:49Z,2026-08-31T03:25:49Z,142792,SD @ CIN,2026-08-31T22:40:00Z,scheduled,False,active
2026-08-31T05:29:05.108083+00:00,1f6a4a68-1b03-44ea-934b-9832f2eb6895,1f5d7593-c4d0-4430-835d-babb2733e9e8,4cec5079-1a9c-4515-b1ec-cb246d3c78b1,Aaron Nola,runs_allowed,2.5,109,-143,1.1,0.88,0.4784688995215311,0.588477366255144,0.44844704449406686,2026-08-31T03:25:05Z,2026-08-31T00:48:23Z,143937,PHI @ AZ,2026-09-01T01:40:00Z,scheduled,False,active
2026-08-31T05:29:05.108083+00:00,3e27fceb-7816-40a5-8816-a434a28c005d,4af8c04b-d49e-490c-976f-9196c166337f,1780ec99-888d-47c8-87aa-a09447544fd1,Ryan Gusto,runs_allowed,2.5,125,-164,1.15,0.83,0.4444444444444444,0.6212121212121212,0.4170616113744075,2026-08-31T05:16:00Z,2026-08-31T03:55:57Z,144012,MIA @ WSH,2026-08-31T22:45:00Z,scheduled,False,active
2026-08-31T05:29:05.108083+00:00,62473dd6-2139-4922-887f-9494d7d6ff26,5e5fea2a-5bf4-47f0-a61a-d9ef8671b1b7,c9864d79-20e6-44c6-84b8-ef6187b1589f,Jackson Jobe,runs_allowed,2.5,-107,-127,1.0,1.0,0.5169082125603864,0.5594713656387665,0.4802285578710111,2026-08-31T00:58:32Z,2026-08-31T00:58:32Z,143456,DET @ MIN,2026-08-31T23:40:00Z,scheduled,False,active
2026-08-31T05:29:05.108083+00:00,724ff56e-0b7d-4da1-8e73-438619142e6b,f74d47a6-9a67-4c80-bdba-eccbc1e819bb,bed462ca-5766-46ea-be1a-4b5b526188f4,Kyle Harrison,runs_allowed,2.5,120,-162,1.12,0.83,0.45454545454545453,0.6183206106870229,0.42367399741267786,2026-08-31T02:27:56Z,2026-08-31T02:27:56Z,143043,MIL @ CHC,2026-08-31T23:40:00Z,scheduled,False,active
2026-08-31T05:29:05.108083+00:00,2d1cba09-553a-4d61-afaa-612cb5e9cef3,542a844b-cadb-4597-8c0a-8e565d8cfbd0,3a4b7faa-622d-41cf-867d-078cc7c5a2ae,Tanner Gordon,runs_allowed,3.5,-118,-115,1.0,1.0,0.5412844036697247,0.5348837209302325,0.5029738302934179,2026-08-31T05:15:51Z,2026-08-31T05:15:51Z,143607,BAL @ COL,2026-09-01T00:40:00Z,scheduled,False,active
2026-08-31T05:29:05.108083+00:00,316cecea-5fe8-403b-b481-3ff0d7315b1d,2072149e-340c-4a20-b579-6ca9b5cc4671,a9212360-fbc2-4e0b-8bbc-34bf8829e8b1,Elmer Rodríguez,runs_allowed,2.5,128,-173,1.17,0.81,0.43859649122807015,0.6336996336996337,0.40902553038475364,2026-08-31T01:10:46Z,2026-08-31T01:10:46Z,142712,NYY @ LAA,2026-09-01T01:38:00Z,scheduled,False,active
2026-08-31T05:29:05.108083+00:00,515eba00-9c79-4aaa-9237-66d87e4383c9,c1ad1481-baa1-4219-bff3-87a69fed192a,16a0e87b-344b-4e95-bbd4-bf6356a29cda,Robert Stock,runs_allowed,2.5,-107,-127,1.0,1.0,0.5169082125603864,0.5594713656387665,0.4802285578710111,2026-08-31T02:56:53Z,2026-08-31T02:56:53Z,142703,NYM @ TB,2026-08-31T22:40:00Z,scheduled,False,active
2026-08-31T05:29:05.108083+00:00,0277d127-c244-4280-b22f-eef0f00ce173,cd992ac3-7c7b-4230-b2bd-84454008432d,0ddea7be-0444-4d6f-a08b-97f13703821e,Payton Tolle,runs_allowed,1.5,-148,108,0.87,1.09,0.5967741935483871,0.4807692307692308,0.5538284398388026,2026-08-31T05:24:05Z,2026-08-31T05:24:05Z,144061,SEA @ BOS,2026-08-31T22:45:00Z,scheduled,False,active
2026-08-31T05:29:05.108083+00:00,1e6bba3a-c101-4ba6-9ea4-d9f652119896,3c35202f-7786-433f-ba70-e31ff1d7a8b6,3919c8cf-bd48-40e9-89b4-d9b220f8db5b,Gage Jump,runs_allowed,2.5,-102,-134,1.05,0.91,0.504950495049505,0.5726495726495726,0.4685880320402073,2026-08-31T03:17:01Z,2026-08-31T03:17:01Z,144275,ATH @ TEX,2026-09-01T00:05:00Z,scheduled,False,active
2026-08-31T05:29:05.108083+00:00,9668681b-ed3f-4d5d-850e-000d2cc735bc,be744b72-6f5f-44b3-9733-e961372ef646,b7859538-286d-4bab-841d-767601a20bf4,Ian Seymour,runs_allowed,1.5,-162,120,0.84,1.12,0.6183206106870229,0.45454545454545453,0.5763260025873221,2026-08-30T22:07:35Z,2026-08-31T02:56:47Z,142703,NYM @ TB,2026-08-31T22:40:00Z,scheduled,False,active
2026-08-31T05:29:05.108083+00:00,bfc6d7c2-873d-4c32-82fe-a17c20c154d1,acae483b-3e0e-4883-9ddf-63c4230dafb1,46d24d84-b809-423a-8c1c-fbdbd28acd3d,Will Dion,runs_allowed,1.5,-150,110,0.87,1.1,0.6,0.47619047619047616,0.5575221238938053,2026-08-31T03:55:58Z,2026-08-31T03:55:58Z,144012,MIA @ WSH,2026-08-31T22:45:00Z,scheduled,False,active
2026-08-31T05:29:05.108083+00:00,e01720c8-7523-4b2e-8953-ca6299dfdad4,04cc4de0-faee-4a9c-be65-cc3c93637099,6c22ff70-0805-4cee-9153-b4c815db7197,Anthony Kay,runs_allowed,2.5,117,-159,1.11,0.84,0.4608294930875576,0.6138996138996139,0.42878664966971836,2026-08-31T00:35:05Z,2026-08-31T00:35:05Z,143544,CWS @ HOU,2026-09-01T00:10:00Z,scheduled,False,active
2026-08-31T05:29:05.108083+00:00,4f4ddcd4-f4d4-4b4d-92d4-089f39b7dd18,0ed5cdbf-b7b7-485c-a413-6c01212d1e7a,58d49cea-e36a-4a25-9980-b5a2988d46f9,Walbert Ureña,runs_allowed,2.5,-109,-129,1.0,1.0,0.5215311004784688,0.5633187772925764,0.48074034128115245,2026-08-31T02:42:51Z,2026-08-31T02:42:37Z,142712,NYY @ LAA,2026-09-01T01:38:00Z,scheduled,False,active
2026-08-31T05:29:05.108083+00:00,d670ae9e-c173-4bc2-a1f8-914ad0386fff,4bd4d824-1caa-4b04-a6b5-cbb7b000fbb6,b20df332-5bcf-4960-8301-c63eadae5944,Peter Lambert,runs_allowed,2.5,102,-139,1.07,0.9,0.49504950495049505,0.5815899581589958,0.45980991958136136,2026-08-31T00:35:07Z,2026-08-31T00:35:07Z,143544,CWS @ HOU,2026-09-01T00:10:00Z,scheduled,False,active
2026-08-31T05:29:05.108083+00:00,3f84409e-16f5-4293-b29e-7ed163df587c,3c71e276-2e6c-4e15-b83b-c10c0e12d070,8efbb831-7fbf-41ca-aafe-9847bb41c8fb,Jacob deGrom,walks_allowed,1.5,-113,-109,1.0,1.0,0.5305164319248826,0.5215311004784688,0.5042704018448135,2026-08-31T00:47:05Z,2026-08-31T00:47:05Z,144275,ATH @ TEX,2026-09-01T00:05:00Z,scheduled,False,active
2026-08-31T05:29:05.108083+00:00,ad6bab0d-4b25-4f84-b097-9629c0417c75,6c45d49f-7233-438a-9dd5-69e96ba813fc,a0a4c5fe-4e94-4fa0-97bd-baa94fd7c4f3,George Kirby,walks_allowed,1.5,143,-176,1.18,0.79,0.411522633744856,0.6376811594202898,0.3922237380627558,2026-08-31T02:51:52Z,2026-08-31T02:51:52Z,144061,SEA @ BOS,2026-08-31T22:45:00Z,scheduled,False,active
2026-08-31T05:29:05.108083+00:00,5ecb48f3-dd11-45ae-9832-b0b680789131,ee577216-1468-4db3-af66-c682361df22f,96e59343-f6f6-4f31-a8d8-2ccaadb641ea,Taj Bradley,walks_allowed,1.5,-179,146,0.79,1.2,0.6415770609318996,0.4065040650406504,0.6121444657602803,2026-08-31T05:26:15Z,2026-08-31T05:26:15Z,143456,DET @ MIN,2026-08-31T23:40:00Z,scheduled,False,active
2026-08-31T05:29:05.108083+00:00,453a031a-bfcb-4dd7-8847-6d9b2d1c1bec,f2a4924a-a377-4caa-8107-26b8a343aa61,fba27030-9987-4ed2-b3c3-507e8e12b385,Michael King,walks_allowed,1.5,-167,134,0.81,1.17,0.6254681647940075,0.42735042735042733,0.5940892091580772,2026-08-31T02:15:20Z,2026-08-31T02:15:20Z,142792,SD @ CIN,2026-08-31T22:40:00Z,scheduled,False,active
2026-08-31T05:29:05.108083+00:00,099e9b4f-0062-4d79-84b4-3428c8d1de08,d4e1ca36-dba2-461d-9b9e-eec84afa19a1,4cec5079-1a9c-4515-b1ec-cb246d3c78b1,Aaron Nola,walks_allowed,1.5,-182,148,0.78,1.21,0.6453900709219859,0.4032258064516129,0.6154685284171485,2026-08-31T00:52:15Z,2026-08-31T00:52:15Z,143937,PHI @ AZ,2026-09-01T01:40:00Z,scheduled,False,active
2026-08-31T05:29:05.108083+00:00,f76e0bf6-7ae9-4d9f-ba6c-61d2e7874b17,caeabec0-84d3-40b8-bc9a-a23010b63094,1780ec99-888d-47c8-87aa-a09447544fd1,Ryan Gusto,walks_allowed,1.5,195,-244,1.46,0.71,0.3389830508474576,0.7093023255813954,0.32336905433352137,2026-08-31T03:55:58Z,2026-08-31T03:55:58Z,144012,MIA @ WSH,2026-08-31T22:45:00Z,scheduled,False,active
2026-08-31T05:29:05.108083+00:00,f32da753-4383-484a-b405-2a90828b8994,5a1b65c5-aab2-47da-8f79-8a7b7ffd4a02,c9864d79-20e6-44c6-84b8-ef6187b1589f,Jackson Jobe,walks_allowed,1.5,-148,122,0.85,1.11,0.5967741935483871,0.45045045045045046,0.5698626335507146,2026-08-31T05:26:22Z,2026-08-31T05:26:15Z,143456,DET @ MIN,2026-08-31T23:40:00Z,scheduled,False,active
2026-08-31T05:29:05.108083+00:00,4bcd0b22-4e74-4c0e-bb3b-d82d6854dea5,0fd5048f-22ba-42ee-ace9-49a6edabac25,3a4b7faa-622d-41cf-867d-078cc7c5a2ae,Tanner Gordon,walks_allowed,0.5,-186,149,0.78,1.21,0.6503496503496503,0.40160642570281124,0.6182289024748377,2026-08-31T02:24:11Z,2026-08-31T02:24:11Z,143607,BAL @ COL,2026-09-01T00:40:00Z,scheduled,False,active
2026-08-31T05:29:05.108083+00:00,6d140113-beee-4630-957b-441d9f8596cf,8d0e86ac-07d9-4e70-b148-351f6e7c3196,0ddea7be-0444-4d6f-a08b-97f13703821e,Payton Tolle,walks_allowed,1.5,110,-136,1.09,0.88,0.47619047619047616,0.576271186440678,0.4524539877300614,2026-08-31T05:23:12Z,2026-08-31T05:23:12Z,144061,SEA @ BOS,2026-08-31T22:45:00Z,scheduled,False,active
2026-08-31T05:29:05.108083+00:00,d4d23ef7-a101-4307-a977-eb6233954cbb,66ed00e5-2923-4f60-b515-c7c0b726bed7,16a0e87b-344b-4e95-bbd4-bf6356a29cda,Robert Stock,walks_allowed,2.5,145,-179,1.19,0.79,0.40816326530612246,0.6415770609318996,0.38882307853111286,2026-08-31T02:56:53Z,2026-08-31T02:56:53Z,142703,NYM @ TB,2026-08-31T22:40:00Z,scheduled,False,active
2026-08-31T05:29:05.108083+00:00,b0e88a74-03fc-48af-8be8-ce54691ca035,2e48c608-5bcd-4182-a769-f1f0a8a53de2,a9212360-fbc2-4e0b-8bbc-34bf8829e8b1,Elmer Rodríguez,walks_allowed,2.5,128,-159,1.14,0.82,0.43859649122807015,0.6138996138996139,0.41672029862273136,2026-08-31T01:10:46Z,2026-08-31T01:10:46Z,142712,NYY @ LAA,2026-09-01T01:38:00Z,scheduled,False,active
2026-08-31T05:29:05.108083+00:00,2cbf45a2-c753-4923-8380-1d2a50727f5e,85c1c86e-3325-4413-a136-31157c37d21d,3919c8cf-bd48-40e9-89b4-d9b220f8db5b,Gage Jump,walks_allowed,2.5,140,-173,1.17,0.8,0.4166666666666667,0.6336996336996337,0.3966870095902354,2026-08-31T03:17:01Z,2026-08-31T03:17:01Z,144275,ATH @ TEX,2026-09-01T00:05:00Z,scheduled,False,active
2026-08-31T05:29:05.108083+00:00,b29ece05-d701-4e5f-8bec-bca25dd48cc9,719f53a3-af45-4f3f-b6e9-e91494be8968,46d24d84-b809-423a-8c1c-fbdbd28acd3d,Will Dion,walks_allowed,1.5,149,-186,1.21,0.78,0.40160642570281124,0.6503496503496503,0.3817710975251622,2026-08-31T03:55:59Z,2026-08-31T03:55:59Z,144012,MIA @ WSH,2026-08-31T22:45:00Z,scheduled,False,active
2026-08-31T05:29:05.108083+00:00,7094fb64-496d-4099-94e8-a1f31054768f,f88d39ee-a250-4b3d-a6e3-90f378f41971,b20df332-5bcf-4960-8301-c63eadae5944,Peter Lambert,walks_allowed,2.5,149,-193,1.21,0.77,0.40160642570281124,0.658703071672355,0.3787633956849413,2026-08-31T03:13:18Z,2026-08-31T00:35:07Z,143544,CWS @ HOU,2026-09-01T00:10:00Z,scheduled,False,active
2026-08-31T05:29:05.108083+00:00,2bd39375-5820-449b-a575-6afed36a77ae,65624397-8aa8-4c40-a3c6-1cb30bda82c4,6c22ff70-0805-4cee-9153-b4c815db7197,Anthony Kay,walks_allowed,1.5,-179,145,0.79,1.19,0.6415770609318996,0.40816326530612246,0.6111769214688871,2026-08-31T00:35:05Z,2026-08-31T00:35:05Z,143544,CWS @ HOU,2026-09-01T00:10:00Z,scheduled,False,active
2026-08-31T05:29:05.108083+00:00,6c317d6b-46d3-4cba-bbeb-45783410d6f5,0dbe3127-2025-4019-87e4-c3545340c66a,58d49cea-e36a-4a25-9980-b5a2988d46f9,Walbert Ureña,walks_allowed,2.5,-108,-114,1.0,1.0,0.5192307692307693,0.5327102803738317,0.4935930292157868,2026-08-31T01:10:58Z,2026-08-31T01:10:58Z,142712,NYY @ LAA,2026-09-01T01:38:00Z,scheduled,False,active
2026-08-31T05:29:05.108083+00:00,e1b2e511-82bb-4ae5-9717-2768d4ad1fae,9c9f6051-1ffa-4578-a649-4d6ddd500610,8efbb831-7fbf-41ca-aafe-9847bb41c8fb,Jacob deGrom,hits_allowed,4.5,106,-159,1.11,0.86,0.4854368932038835,0.6138996138996139,0.44157261226855793,2026-08-31T00:47:05Z,2026-08-31T00:47:05Z,144275,ATH @ TEX,2026-09-01T00:05:00Z,scheduled,False,active
2026-08-31T05:29:05.108083+00:00,8f631699-0e5a-495f-8e16-4b9624e84aa0,655e302b-f229-4dab-8b88-c7986c6b4e40,a0a4c5fe-4e94-4fa0-97bd-baa94fd7c4f3,George Kirby,hits_allowed,5.5,-176,117,0.83,1.14,0.6376811594202898,0.4608294930875576,0.5804961089494163,2026-08-31T02:51:34Z,2026-08-31T02:51:34Z,144061,SEA @ BOS,2026-08-31T22:45:00Z,scheduled,False,active
2026-08-31T05:29:05.108083+00:00,dcd31008-b7d9-4b7f-86c4-96354be62b32,d5da9a50-6340-4de2-91c6-c764124a9f5b,4953c5b7-d437-4abb-9bdb-89b1418dbf78,Clay Holmes,hits_allowed,5.5,100,-148,1.08,0.89,0.5,0.5967741935483871,0.4558823529411765,2026-08-31T02:27:51Z,2026-08-31T02:27:51Z,143043,MIL @ CHC,2026-08-31T23:40:00Z,scheduled,False,active
2026-08-31T05:29:05.108083+00:00,2cd0a5ab-ca6a-4af3-a187-50f3c779649d,d72e93bd-2e25-4ccc-8a73-4b528e2ecf08,96e59343-f6f6-4f31-a8d8-2ccaadb641ea,Taj Bradley,hits_allowed,5.5,106,-159,1.11,0.86,0.4854368932038835,0.6138996138996139,0.44157261226855793,2026-08-31T05:26:15Z,2026-08-31T05:26:15Z,143456,DET @ MIN,2026-08-31T23:40:00Z,scheduled,False,active
2026-08-31T05:29:05.108083+00:00,056613db-b292-40f0-aec2-c4b121d85859,2703ba45-3f28-4e1c-b971-30bb2a7f231d,fba27030-9987-4ed2-b3c3-507e8e12b385,Michael King,hits_allowed,5.5,110,-170,1.1,0.84,0.47619047619047616,0.6296296296296297,0.43062200956937796,2026-08-31T04:34:32Z,2026-08-31T02:15:20Z,142792,SD @ CIN,2026-08-31T22:40:00Z,scheduled,False,active
2026-08-31T05:29:05.108083+00:00,47ff1a22-5abe-4eed-8b6f-b035ae317a70,6ce56e68-375d-4c3e-ac47-0ce78d5bae8e,4cec5079-1a9c-4515-b1ec-cb246d3c78b1,Aaron Nola,hits_allowed,4.5,-179,119,0.82,1.15,0.6415770609318996,0.45662100456621,0.5842088791523226,2026-08-31T00:48:23Z,2026-08-31T00:48:23Z,143937,PHI @ AZ,2026-09-01T01:40:00Z,scheduled,False,active
2026-08-31T05:29:05.108083+00:00,7666e6a9-3605-49da-ba27-fa53bb7f73bc,a6846589-38dc-4c70-abf5-9bac43f769aa,1780ec99-888d-47c8-87aa-a09447544fd1,Ryan Gusto,hits_allowed,4.5,-167,112,0.84,1.11,0.6254681647940075,0.4716981132075472,0.5700760015457941,2026-08-31T03:55:57Z,2026-08-31T03:55:57Z,144012,MIA @ WSH,2026-08-31T22:45:00Z,scheduled,False,active
2026-08-31T05:29:05.108083+00:00,84b1758f-b841-4899-90a4-c4bb09f80fb7,34006af7-4f93-4304-88bd-57b33b9529e5,c9864d79-20e6-44c6-84b8-ef6187b1589f,Jackson Jobe,hits_allowed,4.5,-173,112,0.83,1.11,0.6336996336996337,0.4716981132075472,0.5732774790546454,2026-08-31T05:10:43Z,2026-08-31T04:51:35Z,143456,DET @ MIN,2026-08-31T23:40:00Z,scheduled,False,active
2026-08-31T05:29:05.108083+00:00,b9850239-fa0c-4fad-9951-a9b5190ce6ee,a0f93bb7-efd0-4bf4-80af-79f2298cfa44,bed462ca-5766-46ea-be1a-4b5b526188f4,Kyle Harrison,hits_allowed,4.5,-132,-114,1.0,1.0,0.5689655172413793,0.5327102803738317,0.5164545853444494,2026-08-31T02:27:56Z,2026-08-31T02:27:56Z,143043,MIL @ CHC,2026-08-31T23:40:00Z,scheduled,False,active
2026-08-31T05:29:05.108083+00:00,4e0d5ba8-bb14-47db-ac6a-6211244c117c,68766766-ea70-4c9b-801e-1786fd37dfe0,3a4b7faa-622d-41cf-867d-078cc7c5a2ae,Tanner Gordon,hits_allowed,6.5,-110,-141,1.04,0.91,0.5238095238095238,0.5850622406639004,0.4723806129722024,2026-08-31T05:15:50Z,2026-08-31T02:24:11Z,143607,BAL @ COL,2026-09-01T00:40:00Z,scheduled,False,active
2026-08-31T05:29:05.108083+00:00,e60d8949-e2d1-4bf5-8b12-0d05c563859f,4cfa6e40-269c-49bd-8111-7f922f3a8564,b20df332-5bcf-4960-8301-c63eadae5944,Peter Lambert,hits_allowed,4.5,-143,-105,0.9,1.06,0.588477366255144,0.5121951219512195,0.5346525624658033,2026-08-31T03:13:17Z,2026-08-31T03:13:17Z,143544,CWS @ HOU,2026-09-01T00:10:00Z,scheduled,False,active
2026-08-31T05:29:05.108083+00:00,30467d17-a439-495e-a8b0-0c02f62b95f2,6dbded4b-ac8d-446a-be1f-c2f4e03f0389,6c22ff70-0805-4cee-9153-b4c815db7197,Anthony Kay,hits_allowed,4.5,-157,105,0.87,1.1,0.6108949416342413,0.4878048780487805,0.5560162390947568,2026-08-31T00:35:05Z,2026-08-31T00:35:05Z,143544,CWS @ HOU,2026-09-01T00:10:00Z,scheduled,False,active
2026-08-31T05:29:05.108083+00:00,d5ef7756-8588-444b-be0a-a4f686dce941,161e77f2-0ff4-4539-b986-fc39a3c23e55,0ddea7be-0444-4d6f-a08b-97f13703821e,Payton Tolle,hits_allowed,4.5,100,-150,1.09,0.88,0.5,0.6,0.45454545454545453,2026-08-31T05:23:12Z,2026-08-31T05:23:12Z,144061,SEA @ BOS,2026-08-31T22:45:00Z,scheduled,False,active
2026-08-31T05:29:05.108083+00:00,8ee16432-0d02-4688-b43e-9852d2d98d20,9a2dbfa0-e625-4f65-b0a3-c47f0653bba5,a9212360-fbc2-4e0b-8bbc-34bf8829e8b1,Elmer Rodríguez,hits_allowed,4.5,-102,-148,1.08,0.89,0.504950495049505,0.5967741935483871,0.45832729381069726,2026-08-31T01:10:46Z,2026-08-31T01:10:46Z,142712,NYY @ LAA,2026-09-01T01:38:00Z,scheduled,False,active
2026-08-31T05:29:05.108083+00:00,c515787d-546d-4e83-811d-d0c23b6c3abe,652ac7be-398c-49a2-923f-65a62554b619,16a0e87b-344b-4e95-bbd4-bf6356a29cda,Robert Stock,hits_allowed,4.5,-148,-102,0.89,1.08,0.5967741935483871,0.504950495049505,0.5416727061893029,2026-08-31T02:56:53Z,2026-08-31T02:56:53Z,142703,NYM @ TB,2026-08-31T22:40:00Z,scheduled,False,active
2026-08-31T05:29:05.108083+00:00,d97f3c86-15d1-4c4b-b2b6-103b3e52d3a7,2414a9ec-54cc-4c47-8fcd-ba556287d872,3919c8cf-bd48-40e9-89b4-d9b220f8db5b,Gage Jump,hits_allowed,4.5,-167,109,0.84,1.13,0.6254681647940075,0.4784688995215311,0.566579549697255,2026-08-31T00:47:09Z,2026-08-31T03:17:01Z,144275,ATH @ TEX,2026-09-01T00:05:00Z,scheduled,False,active
2026-08-31T05:29:05.108083+00:00,ec3189b1-0619-4779-8976-e0789f510f4b,9c6ee3c4-1858-4a5a-90a6-e1e23306adc8,58d49cea-e36a-4a25-9980-b5a2988d46f9,Walbert Ureña,hits_allowed,4.5,-118,-127,1.0,1.0,0.5412844036697247,0.5594713656387665,0.49173887501835806,2026-08-31T03:29:09Z,2026-08-31T03:29:09Z,142712,NYY @ LAA,2026-09-01T01:38:00Z,scheduled,False,active
2026-08-31T05:29:05.108083+00:00,e719a94d-b64c-4a36-a8bc-13338c2b66a6,de11ffe9-c742-4f20-855f-a106d864b79c,46d24d84-b809-423a-8c1c-fbdbd28acd3d,Will Dion,hits_allowed,3.5,-148,-102,0.89,1.08,0.5967741935483871,0.504950495049505,0.5416727061893029,2026-08-31T03:55:58Z,2026-08-31T03:55:58Z,144012,MIA @ WSH,2026-08-31T22:45:00Z,scheduled,False,active
2026-08-31T11:45:43.314783+00:00,bd81be1f-6eaf-44b9-b6f1-9704c7d55fe6,1eefc461-3d7a-4f54-8de5-a8b6c464f6db,8efbb831-7fbf-41ca-aafe-9847bb41c8fb,Jacob deGrom,strikeouts,6.5,-134,-103,0.91,1.05,0.5726495726495726,0.5073891625615764,0.5302120692343677,2026-08-31T10:05:06Z,2026-08-31T10:05:06Z,144275,ATH @ TEX,2026-09-01T00:05:00Z,scheduled,False,active
2026-08-31T11:45:43.314783+00:00,a72f2776-500d-499b-89d2-f6d9ec14e6ec,7bd2ec60-e3ba-4485-b934-e551716d1b87,92a02c5c-897a-4160-85ce-9aa53b5ca7fa,Brady Singer,strikeouts,4.5,122,-164,1.13,0.83,0.45045045045045046,0.6212121212121212,0.4203286205578907,2026-08-31T07:07:08Z,2026-08-31T07:07:08Z,142792,SD @ CIN,2026-08-31T22:40:00Z,scheduled,False,active
2026-08-31T11:45:43.314783+00:00,1e199762-7f4c-4df5-8c39-eaebb4b25bb8,12e9a0cc-5a94-4bd8-b91c-984d8b082bb0,96e59343-f6f6-4f31-a8d8-2ccaadb641ea,Taj Bradley,strikeouts,5.5,-122,-112,1.0,1.0,0.5495495495495496,0.5283018867924528,0.5098564895126951,2026-08-31T10:17:32Z,2026-08-31T10:17:32Z,143456,DET @ MIN,2026-08-31T23:40:00Z,scheduled,False,active
2026-08-31T11:45:43.314783+00:00,18eed2bf-1e1a-42d3-b6f2-86ee025fc8d4,65374db1-1ece-4df7-809f-8379bd54b6ce,455c76f1-5a1a-474f-94ff-7911ccaa39e2,Bryce Elder,strikeouts,4.5,120,-162,1.12,0.83,0.45454545454545453,0.6183206106870229,0.42367399741267786,2026-08-31T11:44:09Z,2026-08-31T11:44:09Z,144511,SF @ ATL,2026-08-31T22:05:00Z,scheduled,False,active
2026-08-31T11:45:43.314783+00:00,23797b00-3408-4a73-9695-cfc5dd7e7af4,49c81fae-6e15-496d-9424-c6ec85c865d9,fba27030-9987-4ed2-b3c3-507e8e12b385,Michael King,strikeouts,5.5,-143,105,0.88,1.09,0.588477366255144,0.4878048780487805,0.5467686281824116,2026-08-31T07:09:03Z,2026-08-31T07:09:03Z,142792,SD @ CIN,2026-08-31T22:40:00Z,scheduled,False,active
2026-08-31T11:45:43.314783+00:00,4b1dcabd-4f14-42a4-a660-7de57ab59e6f,f5cdb1f9-a02f-4963-af39-0b6d34f150b1,4cec5079-1a9c-4515-b1ec-cb246d3c78b1,Aaron Nola,strikeouts,4.5,-145,108,0.87,1.09,0.5918367346938775,0.4807692307692308,0.5517746066593486,2026-08-31T10:24:48Z,2026-08-31T10:24:48Z,143937,PHI @ AZ,2026-09-01T01:40:00Z,scheduled,False,active
2026-08-31T11:45:43.314783+00:00,dc508a7f-fa6c-45b9-aa7d-019f23aac84e,9c349d52-0d34-4932-9f6a-cfec0e6cc9cc,1780ec99-888d-47c8-87aa-a09447544fd1,Ryan Gusto,strikeouts,3.5,-148,109,0.87,1.1,0.5967741935483871,0.4784688995215311,0.5550132778296132,2026-08-31T09:09:14Z,2026-08-31T09:09:14Z,144012,MIA @ WSH,2026-08-31T22:45:00Z,scheduled,False,active
2026-08-31T11:45:43.314783+00:00,77a07f3a-b38e-46e3-b215-1d13b7efdada,95b4fcb9-3aa3-4e21-bd7a-fd5d86ea5407,c9864d79-20e6-44c6-84b8-ef6187b1589f,Jackson Jobe,strikeouts,3.5,-102,-136,1.05,0.91,0.504950495049505,0.576271186440678,0.46701846965699206,2026-08-31T08:07:04Z,2026-08-31T08:07:04Z,143456,DET @ MIN,2026-08-31T23:40:00Z,scheduled,False,active
2026-08-31T11:45:43.314783+00:00,46294450-3e6c-4a47-a2f4-01deef771187,332b6e76-f976-454b-9fc3-eda53eab9810,bed462ca-5766-46ea-be1a-4b5b526188f4,Kyle Harrison,strikeouts,5.5,115,-157,1.1,0.85,0.46511627906976744,0.6108949416342413,0.43225969220418803,2026-08-31T07:09:03Z,2026-08-31T07:09:03Z,143043,MIL @ CHC,2026-08-31T23:40:00Z,scheduled,False,active
2026-08-31T11:45:43.314783+00:00,e6c70a76-9547-4d64-bacd-8e4bd8556d19,320c736d-cdcd-4b6b-8133-d146897c34be,3a4b7faa-622d-41cf-867d-078cc7c5a2ae,Tanner Gordon,strikeouts,4.5,-104,-132,1.04,0.92,0.5098039215686274,0.5689655172413793,0.4725791287997492,2026-08-31T11:44:55Z,2026-08-31T11:44:55Z,143607,BAL @ COL,2026-09-01T00:40:00Z,scheduled,False,active
2026-08-31T11:45:43.314783+00:00,02e75fb2-3940-4417-b2f6-db9b60d9e16a,0f98babb-b5a5-44ed-aca7-25b4a778a5b4,d8ab0bfb-4b52-463d-bb18-b7c054e48796,Anthony Molina,strikeouts,3.5,153,-209,1.26,0.76,0.3952569169960474,0.6763754045307443,0.3688363154565095,2026-08-31T11:20:15Z,2026-08-31T11:20:15Z,144511,SF @ ATL,2026-08-31T22:05:00Z,scheduled,False,active
2026-08-31T11:45:43.314783+00:00,372744bf-897b-40a7-b89b-ff29656441bc,8862f664-6664-4d8c-b59b-e5cdde9c307b,a9212360-fbc2-4e0b-8bbc-34bf8829e8b1,Elmer Rodríguez,strikeouts,4.5,122,-164,1.13,0.83,0.45045045045045046,0.6212121212121212,0.4203286205578907,2026-08-31T10:34:06Z,2026-08-31T10:34:06Z,142712,NYY @ LAA,2026-09-01T01:38:00Z,scheduled,False,active
2026-08-31T11:45:43.314783+00:00,77a57cf4-19d4-44e1-bba9-16d4256c9891,31510bac-c391-4cf4-a044-11d950d161e6,b20df332-5bcf-4960-8301-c63eadae5944,Peter Lambert,strikeouts,5.5,-110,-124,1.0,1.0,0.5238095238095238,0.5535714285714286,0.4861878453038673,2026-08-31T11:23:11Z,2026-08-31T11:23:11Z,143544,CWS @ HOU,2026-09-01T00:10:00Z,scheduled,False,active
2026-08-31T11:45:43.314783+00:00,d7ad735f-e004-4a89-9005-cfcdd83d8d44,b523faa9-e3a2-4c23-a22d-66f98714afb9,b7859538-286d-4bab-841d-767601a20bf4,Ian Seymour,strikeouts,6.5,112,-152,1.11,0.86,0.4716981132075472,0.6031746031746031,0.4388409027584286,2026-08-31T07:25:43Z,2026-08-31T07:25:43Z,142703,NYM @ TB,2026-08-31T22:40:00Z,scheduled,False,active
2026-08-31T11:45:43.314783+00:00,9d33234e-3502-4826-9ea1-47f727022dc0,acfbf957-23be-4eb5-bd70-c66437aaacc3,16a0e87b-344b-4e95-bbd4-bf6356a29cda,Robert Stock,strikeouts,3.5,121,-164,1.13,0.83,0.45248868778280543,0.6212121212121212,0.4214290275205925,2026-08-31T07:30:38Z,2026-08-31T07:30:38Z,142703,NYM @ TB,2026-08-31T22:40:00Z,scheduled,False,active
2026-08-31T11:45:43.314783+00:00,bb6cf108-7896-4969-baea-e6ebeb98a17c,4f21ef35-2d40-4ab6-ac26-6d4961186113,6c22ff70-0805-4cee-9153-b4c815db7197,Anthony Kay,strikeouts,4.5,107,-145,1.08,0.88,0.4830917874396135,0.5918367346938775,0.4494175914885811,2026-08-31T07:35:40Z,2026-08-31T07:35:40Z,143544,CWS @ HOU,2026-09-01T00:10:00Z,scheduled,False,active
2026-08-31T11:45:43.314783+00:00,80d92c48-3b9c-49a2-8c5f-600d00b4cceb,55f62454-5160-41dd-9784-9cbf7ac74729,3919c8cf-bd48-40e9-89b4-d9b220f8db5b,Gage Jump,strikeouts,5.5,-102,-136,1.05,0.91,0.504950495049505,0.576271186440678,0.46701846965699206,2026-08-31T10:33:27Z,2026-08-31T10:33:27Z,144275,ATH @ TEX,2026-09-01T00:05:00Z,scheduled,False,active
2026-08-31T11:45:43.314783+00:00,babddbd1-5f4f-42f7-b7a9-fbe657c78456,317bf6d1-919b-4816-9b9b-db9dda8ae073,0ddea7be-0444-4d6f-a08b-97f13703821e,Payton Tolle,strikeouts,7.5,118,-159,1.11,0.84,0.45871559633027525,0.6138996138996139,0.42766090948119284,2026-08-31T09:32:59Z,2026-08-31T09:32:59Z,144061,SEA @ BOS,2026-08-31T22:45:00Z,scheduled,False,active
2026-08-31T11:45:43.314783+00:00,66e52bcd-186d-4efe-9eca-e884a1bfdd38,1b5f4a21-7971-4f45-bdd5-ac1549e7b407,46d24d84-b809-423a-8c1c-fbdbd28acd3d,Will Dion,strikeouts,3.5,-167,124,0.82,1.14,0.6254681647940075,0.44642857142857145,0.583515317901042,2026-08-31T09:49:08Z,2026-08-31T09:49:08Z,144012,MIA @ WSH,2026-08-31T22:45:00Z,scheduled,False,active
2026-08-31T11:45:43.314783+00:00,81797aad-6fb5-4f32-b787-3320f5eaf1c8,4a87e0d4-e2b7-43bd-a02b-ddc2250e6524,8efbb831-7fbf-41ca-aafe-9847bb41c8fb,Jacob deGrom,pitch_outs,17.5,-145,108,0.87,1.09,0.5918367346938775,0.4807692307692308,0.5517746066593486,2026-08-31T09:36:06Z,2026-08-31T09:36:06Z,144275,ATH @ TEX,2026-09-01T00:05:00Z,scheduled,False,active
2026-08-31T11:45:43.314783+00:00,647d5f46-dab7-4356-a657-bee979232b41,c5a8e0ad-033f-4a3e-bace-afb927b7a6d7,a0a4c5fe-4e94-4fa0-97bd-baa94fd7c4f3,George Kirby,pitch_outs,17.5,-122,-112,1.0,1.0,0.5495495495495496,0.5283018867924528,0.5098564895126951,2026-08-31T11:05:11Z,2026-08-31T11:05:11Z,144061,SEA @ BOS,2026-08-31T22:45:00Z,scheduled,False,active
2026-08-31T11:45:43.314783+00:00,aac8aa1b-b19f-41ea-a2b3-d28446e82074,9e816133-0fa2-4aa8-b628-994c26ca9f0a,92a02c5c-897a-4160-85ce-9aa53b5ca7fa,Brady Singer,pitch_outs,17.5,-139,103,0.89,1.08,0.5815899581589958,0.49261083743842365,0.5414164284206688,2026-08-31T07:37:39Z,2026-08-31T07:37:39Z,142792,SD @ CIN,2026-08-31T22:40:00Z,scheduled,False,active
2026-08-31T11:45:43.314783+00:00,cce3e793-27d1-47c0-b963-967736a6fe3f,66418ad4-e850-4e94-8404-83fb20d26932,4953c5b7-d437-4abb-9bdb-89b1418dbf78,Clay Holmes,pitch_outs,15.5,-114,-120,1.0,1.0,0.5327102803738317,0.5454545454545454,0.4940898345153664,2026-08-31T10:36:35Z,2026-08-31T10:36:35Z,143043,MIL @ CHC,2026-08-31T23:40:00Z,scheduled,False,active
2026-08-31T11:45:43.314783+00:00,6cb5546a-1fc9-44b5-a2b3-fbb798fc3f04,40cf81b4-fba5-490f-9566-bb4107478063,96e59343-f6f6-4f31-a8d8-2ccaadb641ea,Taj Bradley,pitch_outs,17.5,-152,111,0.86,1.11,0.6031746031746031,0.47393364928909953,0.5599944126274619,2026-08-31T07:49:14Z,2026-08-31T07:49:14Z,143456,DET @ MIN,2026-08-31T23:40:00Z,scheduled,False,active
2026-08-31T11:45:43.314783+00:00,56e13e6e-1e41-4e58-bea4-968902e652ad,3acc3937-9f27-478f-aaec-ca080e4e7516,455c76f1-5a1a-474f-94ff-7911ccaa39e2,Bryce Elder,pitch_outs,17.5,-134,-102,0.91,1.05,0.5726495726495726,0.504950495049505,0.5314119679597926,2026-08-31T11:22:05Z,2026-08-31T11:22:06Z,144511,SF @ ATL,2026-08-31T22:05:00Z,scheduled,False,active
2026-08-31T11:45:43.314783+00:00,77fb327c-abba-4d92-90fc-4b6464977fc1,40f02ad0-b2f1-4cd0-92b7-56a257081c12,fba27030-9987-4ed2-b3c3-507e8e12b385,Michael King,pitch_outs,17.5,-139,103,0.89,1.08,0.5815899581589958,0.49261083743842365,0.5414164284206688,2026-08-31T07:39:12Z,2026-08-31T07:39:12Z,142792,SD @ CIN,2026-08-31T22:40:00Z,scheduled,False,active
2026-08-31T11:45:43.314783+00:00,0d1839b2-9a1f-4949-8bde-12363ef0a4a6,bbe4c03e-ae3f-44f1-abab-2996d7745509,1780ec99-888d-47c8-87aa-a09447544fd1,Ryan Gusto,pitch_outs,14.5,-136,100,0.91,1.05,0.576271186440678,0.5,0.5354330708661418,2026-08-31T09:09:14Z,2026-08-31T09:09:14Z,144012,MIA @ WSH,2026-08-31T22:45:00Z,scheduled,False,active
2026-08-31T11:45:43.314783+00:00,a67818fd-4915-4ea3-890f-424fb767e58c,35b14250-9fab-43d2-a599-26f6cc9b0fa1,c9864d79-20e6-44c6-84b8-ef6187b1589f,Jackson Jobe,pitch_outs,14.5,-189,138,0.79,1.18,0.6539792387543253,0.42016806722689076,0.6088357109986194,2026-08-31T08:38:10Z,2026-08-31T08:38:10Z,143456,DET @ MIN,2026-08-31T23:40:00Z,scheduled,False,active
2026-08-31T11:45:43.314783+00:00,036f385e-1626-4063-924a-5d8e0c453610,c38ee030-8bea-4be5-b358-c62739156dc9,bed462ca-5766-46ea-be1a-4b5b526188f4,Kyle Harrison,pitch_outs,14.5,-170,126,0.82,1.16,0.6296296296296297,0.4424778761061947,0.5872821767043718,2026-08-31T07:33:13Z,2026-08-31T07:33:13Z,143043,MIL @ CHC,2026-08-31T23:40:00Z,scheduled,False,active
2026-08-31T11:45:43.314783+00:00,5f6bca6b-20da-42d8-8a5d-275f1a896396,00f75466-21d9-4e41-b80a-0f8763044fc9,3a4b7faa-622d-41cf-867d-078cc7c5a2ae,Tanner Gordon,pitch_outs,15.5,-102,-134,1.05,0.91,0.504950495049505,0.5726495726495726,0.4685880320402073,2026-08-31T05:58:06Z,2026-08-31T05:58:06Z,143607,BAL @ COL,2026-09-01T00:40:00Z,scheduled,False,active
2026-08-31T11:45:43.314783+00:00,51425328-4e81-4337-933f-507719f73826,4a212699-72e2-41a5-a7ab-d291efb8cbea,d8ab0bfb-4b52-463d-bb18-b7c054e48796,Anthony Molina,pitch_outs,10.5,-107,-127,1.0,1.0,0.5169082125603864,0.5594713656387665,0.4802285578710111,2026-08-31T11:20:15Z,2026-08-31T11:20:15Z,144511,SF @ ATL,2026-08-31T22:05:00Z,scheduled,False,active
2026-08-31T11:45:43.314783+00:00,1ae87173-4975-4c80-896f-3e32ffbd20bc,b1dba9c5-4952-4501-b1b5-7d5815780d62,a9212360-fbc2-4e0b-8bbc-34bf8829e8b1,Elmer Rodríguez,pitch_outs,14.5,-139,103,0.89,1.08,0.5815899581589958,0.49261083743842365,0.5414164284206688,2026-08-31T09:28:08Z,2026-08-31T09:28:08Z,142712,NYY @ LAA,2026-09-01T01:38:00Z,scheduled,False,active
2026-08-31T11:45:43.314783+00:00,b0df6469-ce78-4670-ae32-305da3b4ee9c,a31b7dd1-7bde-43a5-b68f-d62d50f9c0fa,46d24d84-b809-423a-8c1c-fbdbd28acd3d,Will Dion,pitch_outs,12.5,-127,-107,1.0,1.0,0.5594713656387665,0.5169082125603864,0.519771442128989,2026-08-31T10:55:26Z,2026-08-31T10:55:26Z,144012,MIA @ WSH,2026-08-31T22:45:00Z,scheduled,False,active
2026-08-31T11:45:43.314783+00:00,c791b6e9-7903-410f-a8e1-c8e140003586,f09ce10e-d37c-4622-9609-0b4b46c8ab8c,6c22ff70-0805-4cee-9153-b4c815db7197,Anthony Kay,pitch_outs,15.5,-118,-115,1.0,1.0,0.5412844036697247,0.5348837209302325,0.5029738302934179,2026-08-31T07:10:02Z,2026-08-31T07:10:02Z,143544,CWS @ HOU,2026-09-01T00:10:00Z,scheduled,False,active
2026-08-31T11:45:43.314783+00:00,0bf90fe3-ea72-47c5-b08d-6066d1ec3331,f7749bb9-1af0-47d3-8fa6-a86426386ec8,3919c8cf-bd48-40e9-89b4-d9b220f8db5b,Gage Jump,pitch_outs,15.5,-120,-114,1.0,1.0,0.5454545454545454,0.5327102803738317,0.5059101654846335,2026-08-31T07:08:04Z,2026-08-31T07:08:04Z,144275,ATH @ TEX,2026-09-01T00:05:00Z,scheduled,False,active
2026-08-31T11:45:43.314783+00:00,2e727d87-025e-448b-bca8-57b2f3208787,4815d9c2-b902-4cfe-aa75-9b7792cb049d,16a0e87b-344b-4e95-bbd4-bf6356a29cda,Robert Stock,pitch_outs,13.5,-130,-104,0.94,1.05,0.5652173913043478,0.5098039215686274,0.5257731958762887,2026-08-31T11:29:11Z,2026-08-31T11:29:11Z,142703,NYM @ TB,2026-08-31T22:40:00Z,scheduled,False,active
2026-08-31T11:45:43.314783+00:00,2625f400-19cb-47b8-b736-4992e90e4763,4ea9d58c-0ba3-4fc4-9f26-6f835e7478bb,0ddea7be-0444-4d6f-a08b-97f13703821e,Payton Tolle,pitch_outs,17.5,-130,-105,0.94,1.05,0.5652173913043478,0.5121951219512195,0.5246062992125985,2026-08-31T10:59:10Z,2026-08-31T10:59:10Z,144061,SEA @ BOS,2026-08-31T22:45:00Z,scheduled,False,active
2026-08-31T11:45:43.314783+00:00,e7f58b6f-fd06-4f20-89f7-a585bf6dcdae,9b6ad77e-9576-4137-9ee4-c268fbbc8dff,b20df332-5bcf-4960-8301-c63eadae5944,Peter Lambert,pitch_outs,16.5,-130,-105,0.95,1.04,0.5652173913043478,0.5121951219512195,0.5246062992125985,2026-08-31T07:19:09Z,2026-08-31T07:19:09Z,143544,CWS @ HOU,2026-09-01T00:10:00Z,scheduled,False,active
2026-08-31T11:45:43.314783+00:00,e64a711d-476c-47eb-b175-d899ffa9f474,3e8dcb30-9af3-4b48-8a5a-db47976bc60d,b7859538-286d-4bab-841d-767601a20bf4,Ian Seymour,pitch_outs,17.5,-112,-122,1.0,1.0,0.5283018867924528,0.5495495495495496,0.4901435104873048,2026-08-31T07:09:03Z,2026-08-31T07:09:03Z,142703,NYM @ TB,2026-08-31T22:40:00Z,scheduled,False,active
2026-08-31T11:45:43.314783+00:00,cae4d2f8-899a-4848-8e0e-1e9e8762a9a9,463416f7-fb1b-4668-ae64-8ea9689e7ee6,8efbb831-7fbf-41ca-aafe-9847bb41c8fb,Jacob deGrom,runs_allowed,1.5,-122,-110,1.0,1.0,0.5495495495495496,0.5238095238095238,0.511990407673861,2026-08-31T08:47:33Z,2026-08-31T08:47:33Z,144275,ATH @ TEX,2026-09-01T00:05:00Z,scheduled,False,active
2026-08-31T11:45:43.314783+00:00,74cf5fa6-8822-4d8b-8cf3-cc4dd7999e1d,7f21e5be-d13f-4f12-880e-a2a3fd54d1f9,a0a4c5fe-4e94-4fa0-97bd-baa94fd7c4f3,George Kirby,runs_allowed,2.5,-134,-102,0.91,1.05,0.5726495726495726,0.504950495049505,0.5314119679597926,2026-08-31T06:44:07Z,2026-08-31T06:44:07Z,144061,SEA @ BOS,2026-08-31T22:45:00Z,scheduled,False,active
2026-08-31T11:45:43.314783+00:00,f5918a77-0631-47ee-bf79-f6d41efeb020,7a5911ff-c2f2-4637-951b-8f2ebbfd62c5,92a02c5c-897a-4160-85ce-9aa53b5ca7fa,Brady Singer,runs_allowed,2.5,-129,-105,0.95,1.04,0.5633187772925764,0.5121951219512195,0.523767082590612,2026-08-31T07:39:12Z,2026-08-31T07:39:12Z,142792,SD @ CIN,2026-08-31T22:40:00Z,scheduled,False,active
2026-08-31T11:45:43.314783+00:00,7a77f28e-d65e-4609-88b1-644345188d2f,67bbcc78-038a-417e-949e-0d3d4e4eae16,96e59343-f6f6-4f31-a8d8-2ccaadb641ea,Taj Bradley,runs_allowed,2.5,104,-141,1.08,0.89,0.49019607843137253,0.5850622406639004,0.45588680387409203,2026-08-31T08:12:03Z,2026-08-31T08:12:03Z,143456,DET @ MIN,2026-08-31T23:40:00Z,scheduled,False,active
2026-08-31T11:45:43.314783+00:00,00e788c9-3f07-4ce9-b2e7-71735b325d01,52ae407e-a307-49a5-b606-89813ec170e4,4953c5b7-d437-4abb-9bdb-89b1418dbf78,Clay Holmes,runs_allowed,2.5,-103,-132,1.04,0.91,0.5073891625615764,0.5689655172413793,0.471395881006865,2026-08-31T07:03:03Z,2026-08-31T07:03:03Z,143043,MIL @ CHC,2026-08-31T23:40:00Z,scheduled,False,active
2026-08-31T11:45:43.314783+00:00,87163905-2e01-472c-bea0-a60a3e7e907e,8db6c873-a580-46a7-ac26-8a7fb7145d40,fba27030-9987-4ed2-b3c3-507e8e12b385,Michael King,runs_allowed,2.5,-103,-134,1.05,0.91,0.5073891625615764,0.5726495726495726,0.4697879307656324,2026-08-31T07:39:12Z,2026-08-31T07:39:12Z,142792,SD @ CIN,2026-08-31T22:40:00Z,scheduled,False,active
2026-08-31T11:45:43.314783+00:00,1f6a4a68-1b03-44ea-934b-9832f2eb6895,8b512138-7079-4545-83be-a43614a4004d,4cec5079-1a9c-4515-b1ec-cb246d3c78b1,Aaron Nola,runs_allowed,2.5,114,-154,1.13,0.85,0.4672897196261682,0.6062992125984252,0.43525944204537664,2026-08-31T11:02:26Z,2026-08-31T11:02:26Z,143937,PHI @ AZ,2026-09-01T01:40:00Z,scheduled,False,active
2026-08-31T11:45:43.314783+00:00,3e27fceb-7816-40a5-8816-a434a28c005d,15cba7ba-bf0a-416e-9846-f662cbb2d5f4,1780ec99-888d-47c8-87aa-a09447544fd1,Ryan Gusto,runs_allowed,2.5,118,-159,1.11,0.84,0.45871559633027525,0.6138996138996139,0.42766090948119284,2026-08-31T09:07:44Z,2026-08-31T09:07:44Z,144012,MIA @ WSH,2026-08-31T22:45:00Z,scheduled,False,active
2026-08-31T11:45:43.314783+00:00,62473dd6-2139-4922-887f-9494d7d6ff26,a35b4e3a-d6f5-4f4f-a0f3-9e489fa7f959,c9864d79-20e6-44c6-84b8-ef6187b1589f,Jackson Jobe,runs_allowed,2.5,109,-148,1.09,0.87,0.4784688995215311,0.5967741935483871,0.4449867221703869,2026-08-31T07:56:27Z,2026-08-31T07:56:27Z,143456,DET @ MIN,2026-08-31T23:40:00Z,scheduled,False,active
2026-08-31T11:45:43.314783+00:00,724ff56e-0b7d-4da1-8e73-438619142e6b,fb772e9b-0ab8-4087-9ed7-ef21fe345cc3,bed462ca-5766-46ea-be1a-4b5b526188f4,Kyle Harrison,runs_allowed,2.5,113,-154,1.12,0.85,0.4694835680751174,0.6062992125984252,0.43641111989278725,2026-08-31T07:11:03Z,2026-08-31T07:11:03Z,143043,MIL @ CHC,2026-08-31T23:40:00Z,scheduled,False,active
2026-08-31T11:45:43.314783+00:00,2d1cba09-553a-4d61-afaa-612cb5e9cef3,542a844b-cadb-4597-8c0a-8e565d8cfbd0,3a4b7faa-622d-41cf-867d-078cc7c5a2ae,Tanner Gordon,runs_allowed,3.5,-109,-129,1.0,1.0,0.5215311004784688,0.5633187772925764,0.48074034128115245,2026-08-31T10:16:23Z,2026-08-31T08:16:34Z,143607,BAL @ COL,2026-09-01T00:40:00Z,scheduled,False,active
2026-08-31T11:45:43.314783+00:00,515eba00-9c79-4aaa-9237-66d87e4383c9,bd63e4c6-774d-4c90-a6b9-99ac577d48b8,16a0e87b-344b-4e95-bbd4-bf6356a29cda,Robert Stock,runs_allowed,2.5,100,-136,1.06,0.9,0.5,0.576271186440678,0.4645669291338583,2026-08-31T07:11:03Z,2026-08-31T07:11:03Z,142703,NYM @ TB,2026-08-31T22:40:00Z,scheduled,False,active
2026-08-31T11:45:43.314783+00:00,1e6bba3a-c101-4ba6-9ea4-d9f652119896,5a12c38e-8e3c-492f-b606-23428d6a4c3f,3919c8cf-bd48-40e9-89b4-d9b220f8db5b,Gage Jump,runs_allowed,2.5,107,-145,1.09,0.88,0.4830917874396135,0.5918367346938775,0.4494175914885811,2026-08-31T11:28:06Z,2026-08-31T11:28:06Z,144275,ATH @ TEX,2026-09-01T00:05:00Z,scheduled,False,active
2026-08-31T11:45:43.314783+00:00,9668681b-ed3f-4d5d-850e-000d2cc735bc,e34c34b5-95e9-44fc-9ddb-ae3baf58eb23,b7859538-286d-4bab-841d-767601a20bf4,Ian Seymour,runs_allowed,1.5,-154,114,0.85,1.13,0.6062992125984252,0.4672897196261682,0.5647405579546233,2026-08-31T07:30:38Z,2026-08-31T07:30:38Z,142703,NYM @ TB,2026-08-31T22:40:00Z,scheduled,False,active
2026-08-31T11:45:43.314783+00:00,d670ae9e-c173-4bc2-a1f8-914ad0386fff,f8a3f62f-5855-420b-9a14-6e2f9c49f737,b20df332-5bcf-4960-8301-c63eadae5944,Peter Lambert,runs_allowed,2.5,106,-143,1.08,0.88,0.4854368932038835,0.588477366255144,0.4520257450053946,2026-08-31T07:20:10Z,2026-08-31T07:20:10Z,143544,CWS @ HOU,2026-09-01T00:10:00Z,scheduled,False,active
2026-08-31T11:45:43.314783+00:00,e01720c8-7523-4b2e-8953-ca6299dfdad4,87699d7b-7427-4790-9f81-3349cb85f3c6,6c22ff70-0805-4cee-9153-b4c815db7197,Anthony Kay,runs_allowed,2.5,106,-143,1.08,0.88,0.4854368932038835,0.588477366255144,0.4520257450053946,2026-08-31T07:39:12Z,2026-08-31T07:39:12Z,143544,CWS @ HOU,2026-09-01T00:10:00Z,scheduled,False,active
2026-08-31T11:45:43.314783+00:00,4f4ddcd4-f4d4-4b4d-92d4-089f39b7dd18,900b6d1a-9ec7-44e0-8f48-ab80d4261956,58d49cea-e36a-4a25-9980-b5a2988d46f9,Walbert Ureña,runs_allowed,2.5,105,-143,1.09,0.88,0.4878048780487805,0.588477366255144,0.4532313718175883,2026-08-31T09:13:10Z,2026-08-31T09:13:10Z,142712,NYY @ LAA,2026-09-01T01:38:00Z,scheduled,False,active
2026-08-31T11:45:43.314783+00:00,bfc6d7c2-873d-4c32-82fe-a17c20c154d1,acae483b-3e0e-4883-9ddf-63c4230dafb1,46d24d84-b809-423a-8c1c-fbdbd28acd3d,Will Dion,runs_allowed,1.5,-141,105,0.89,1.08,0.5850622406639004,0.4878048780487805,0.5453259126497499,2026-08-31T10:55:26Z,2026-08-31T10:55:26Z,144012,MIA @ WSH,2026-08-31T22:45:00Z,scheduled,False,active
2026-08-31T11:45:43.314783+00:00,316cecea-5fe8-403b-b481-3ff0d7315b1d,64bb6330-c03a-404e-85da-3a05d69691f0,a9212360-fbc2-4e0b-8bbc-34bf8829e8b1,Elmer Rodríguez,runs_allowed,2.5,129,-176,1.17,0.81,0.4366812227074236,0.6376811594202898,0.40645617342130075,2026-08-31T09:34:07Z,2026-08-31T09:34:07Z,142712,NYY @ LAA,2026-09-01T01:38:00Z,scheduled,False,active
2026-08-31T11:45:43.314783+00:00,3f84409e-16f5-4293-b29e-7ed163df587c,3c71e276-2e6c-4e15-b83b-c10c0e12d070,8efbb831-7fbf-41ca-aafe-9847bb41c8fb,Jacob deGrom,walks_allowed,1.5,101,-124,1.05,0.94,0.4975124378109453,0.5535714285714286,0.47333276984194067,2026-08-31T10:48:33Z,2026-08-31T10:48:33Z,144275,ATH @ TEX,2026-09-01T00:05:00Z,scheduled,False,active
2026-08-31T11:45:43.314783+00:00,ad6bab0d-4b25-4f84-b097-9629c0417c75,6c45d49f-7233-438a-9dd5-69e96ba813fc,a0a4c5fe-4e94-4fa0-97bd-baa94fd7c4f3,George Kirby,walks_allowed,1.5,139,-176,1.16,0.79,0.41841004184100417,0.6376811594202898,0.39618741387230133,2026-08-31T11:00:12Z,2026-08-31T02:51:52Z,144061,SEA @ BOS,2026-08-31T22:45:00Z,scheduled,False,active
2026-08-31T11:45:43.314783+00:00,59d12a79-6fb0-4846-a9a5-524adefddc9c,0a6a6834-08d4-48da-b360-2b71e11e6763,4953c5b7-d437-4abb-9bdb-89b1418dbf78,Clay Holmes,walks_allowed,2.5,125,-154,1.13,0.83,0.4444444444444444,0.6062992125984252,0.42298084929225643,2026-08-31T10:39:52Z,2026-08-31T10:39:52Z,143043,MIL @ CHC,2026-08-31T23:40:00Z,scheduled,False,active
2026-08-31T11:45:43.314783+00:00,5ecb48f3-dd11-45ae-9832-b0b680789131,ee577216-1468-4db3-af66-c682361df22f,96e59343-f6f6-4f31-a8d8-2ccaadb641ea,Taj Bradley,walks_allowed,1.5,-200,160,0.76,1.27,0.6666666666666666,0.38461538461538464,0.6341463414634145,2026-08-31T09:08:26Z,2026-08-31T09:08:26Z,143456,DET @ MIN,2026-08-31T23:40:00Z,scheduled,False,active
2026-08-31T11:45:43.314783+00:00,453a031a-bfcb-4dd7-8847-6d9b2d1c1bec,f2a4924a-a377-4caa-8107-26b8a343aa61,fba27030-9987-4ed2-b3c3-507e8e12b385,Michael King,walks_allowed,1.5,-179,140,0.79,1.17,0.6415770609318996,0.4166666666666667,0.6062658763759525,2026-08-31T09:56:58Z,2026-08-31T09:58:26Z,142792,SD @ CIN,2026-08-31T22:40:00Z,scheduled,False,active
2026-08-31T11:45:43.314783+00:00,f76e0bf6-7ae9-4d9f-ba6c-61d2e7874b17,5528f4f4-27ad-4e10-bbb5-be0d94b1ab46,1780ec99-888d-47c8-87aa-a09447544fd1,Ryan Gusto,walks_allowed,0.5,-233,184,0.72,1.4,0.6996996996996997,0.352112676056338,0.6652324272156989,2026-08-31T10:03:07Z,2026-08-31T10:03:07Z,144012,MIA @ WSH,2026-08-31T22:45:00Z,scheduled,False,active
2026-08-31T11:45:43.314783+00:00,f32da753-4383-484a-b405-2a90828b8994,5a1b65c5-aab2-47da-8f79-8a7b7ffd4a02,c9864d79-20e6-44c6-84b8-ef6187b1589f,Jackson Jobe,walks_allowed,1.5,-157,127,0.83,1.14,0.6108949416342413,0.44052863436123346,0.5810169712580904,2026-08-31T07:09:28Z,2026-08-31T07:09:28Z,143456,DET @ MIN,2026-08-31T23:40:00Z,scheduled,False,active
2026-08-31T11:45:43.314783+00:00,fc3eb82c-cdec-44b1-ac7e-cbc5b76d4b14,8f43dcb4-9b0f-4692-8253-0398ae3702f9,bed462ca-5766-46ea-be1a-4b5b526188f4,Kyle Harrison,walks_allowed,1.5,105,-125,1.06,0.92,0.4878048780487805,0.5555555555555556,0.4675324675324675,2026-08-31T10:35:39Z,2026-08-31T07:08:40Z,143043,MIL @ CHC,2026-08-31T23:40:00Z,scheduled,False,active
2026-08-31T11:45:43.314783+00:00,4bcd0b22-4e74-4c0e-bb3b-d82d6854dea5,0fd5048f-22ba-42ee-ace9-49a6edabac25,3a4b7faa-622d-41cf-867d-078cc7c5a2ae,Tanner Gordon,walks_allowed,0.5,-193,153,0.77,1.24,0.658703071672355,0.3952569169960474,0.6249792010649056,2026-08-31T07:40:09Z,2026-08-31T07:31:52Z,143607,BAL @ COL,2026-09-01T00:40:00Z,scheduled,False,active
2026-08-31T11:45:43.314783+00:00,c609be80-3f09-41e4-9a8a-11a90a28275c,ef475044-3935-428a-92de-7aebd485233e,b7859538-286d-4bab-841d-767601a20bf4,Ian Seymour,walks_allowed,1.5,112,-137,1.09,0.88,0.4716981132075472,0.5780590717299579,0.44934020931290763,2026-08-31T08:36:51Z,2026-08-31T08:36:51Z,142703,NYM @ TB,2026-08-31T22:40:00Z,scheduled,False,active
2026-08-31T11:45:43.314783+00:00,2bd39375-5820-449b-a575-6afed36a77ae,65624397-8aa8-4c40-a3c6-1cb30bda82c4,6c22ff70-0805-4cee-9153-b4c815db7197,Anthony Kay,walks_allowed,1.5,-197,158,0.76,1.26,0.6632996632996633,0.3875968992248062,0.6311750242157812,2026-08-31T07:09:27Z,2026-08-31T07:09:27Z,143544,CWS @ HOU,2026-09-01T00:10:00Z,scheduled,False,active
2026-08-31T11:45:43.314783+00:00,b0e88a74-03fc-48af-8be8-ce54691ca035,2e48c608-5bcd-4182-a769-f1f0a8a53de2,a9212360-fbc2-4e0b-8bbc-34bf8829e8b1,Elmer Rodríguez,walks_allowed,2.5,132,-159,1.16,0.82,0.43103448275862066,0.6138996138996139,0.412499203669491,2026-08-31T10:46:29Z,2026-08-31T01:10:46Z,142712,NYY @ LAA,2026-09-01T01:38:00Z,scheduled,False,active
2026-08-31T11:45:43.314783+00:00,2cbf45a2-c753-4923-8380-1d2a50727f5e,85c1c86e-3325-4413-a136-31157c37d21d,3919c8cf-bd48-40e9-89b4-d9b220f8db5b,Gage Jump,walks_allowed,2.5,127,-157,1.13,0.83,0.44052863436123346,0.6108949416342413,0.41898302874190974,2026-08-31T10:48:34Z,2026-08-31T07:07:51Z,144275,ATH @ TEX,2026-09-01T00:05:00Z,scheduled,False,active
2026-08-31T11:45:43.314783+00:00,7094fb64-496d-4099-94e8-a1f31054768f,f88d39ee-a250-4b3d-a6e3-90f378f41971,b20df332-5bcf-4960-8301-c63eadae5944,Peter Lambert,walks_allowed,2.5,149,-189,1.21,0.77,0.40160642570281124,0.6539792387543253,0.3804583931227866,2026-08-31T03:13:18Z,2026-08-31T10:41:11Z,143544,CWS @ HOU,2026-09-01T00:10:00Z,scheduled,False,active
2026-08-31T11:45:43.314783+00:00,d4d23ef7-a101-4307-a977-eb6233954cbb,66ed00e5-2923-4f60-b515-c7c0b726bed7,16a0e87b-344b-4e95-bbd4-bf6356a29cda,Robert Stock,walks_allowed,2.5,127,-162,1.13,0.82,0.44052863436123346,0.6183206106870229,0.41604471686727856,2026-08-31T10:49:52Z,2026-08-31T07:11:02Z,142703,NYM @ TB,2026-08-31T22:40:00Z,scheduled,False,active
2026-08-31T11:45:43.314783+00:00,6d140113-beee-4630-957b-441d9f8596cf,8d0e86ac-07d9-4e70-b148-351f6e7c3196,0ddea7be-0444-4d6f-a08b-97f13703821e,Payton Tolle,walks_allowed,1.5,107,-136,1.07,0.88,0.4830917874396135,0.576271186440678,0.45602102334209305,2026-08-31T07:06:17Z,2026-08-31T05:23:12Z,144061,SEA @ BOS,2026-08-31T22:45:00Z,scheduled,False,active
2026-08-31T11:45:43.314783+00:00,6c317d6b-46d3-4cba-bbeb-45783410d6f5,0dbe3127-2025-4019-87e4-c3545340c66a,58d49cea-e36a-4a25-9980-b5a2988d46f9,Walbert Ureña,walks_allowed,2.5,104,-127,1.05,0.91,0.49019607843137253,0.5594713656387665,0.46700131665569455,2026-08-31T06:02:05Z,2026-08-31T06:02:05Z,142712,NYY @ LAA,2026-09-01T01:38:00Z,scheduled,False,active
2026-08-31T11:45:43.314783+00:00,e1b2e511-82bb-4ae5-9717-2768d4ad1fae,6545365a-6ad1-4d74-92da-2b509e3b72bb,8efbb831-7fbf-41ca-aafe-9847bb41c8fb,Jacob deGrom,hits_allowed,3.5,-186,123,0.81,1.17,0.6503496503496503,0.4484304932735426,0.5918833300037101,2026-08-31T10:51:06Z,2026-08-31T10:51:06Z,144275,ATH @ TEX,2026-09-01T00:05:00Z,scheduled,False,active
2026-08-31T11:45:43.314783+00:00,8f631699-0e5a-495f-8e16-4b9624e84aa0,aa9077fc-e9af-4b2f-89c6-144459c8f07a,a0a4c5fe-4e94-4fa0-97bd-baa94fd7c4f3,George Kirby,hits_allowed,5.5,-159,107,0.86,1.12,0.6138996138996139,0.4830917874396135,0.559621172189822,2026-08-31T07:07:08Z,2026-08-31T07:07:08Z,144061,SEA @ BOS,2026-08-31T22:45:00Z,scheduled,False,active
2026-08-31T11:45:43.314783+00:00,bf8f51a2-78ef-4987-a9c7-f541784afd7d,630bd789-6119-43e6-90be-b6208310d67c,92a02c5c-897a-4160-85ce-9aa53b5ca7fa,Brady Singer,hits_allowed,5.5,-150,101,0.88,1.09,0.6,0.4975124378109453,0.5466908431550317,2026-08-31T08:08:37Z,2026-08-31T08:08:37Z,142792,SD @ CIN,2026-08-31T22:40:00Z,scheduled,False,active
2026-08-31T11:45:43.314783+00:00,dcd31008-b7d9-4b7f-86c4-96354be62b32,63108104-adba-444e-8f33-1fd1b4e69e45,4953c5b7-d437-4abb-9bdb-89b1418dbf78,Clay Holmes,hits_allowed,5.5,106,-159,1.11,0.86,0.4854368932038835,0.6138996138996139,0.44157261226855793,2026-08-31T07:09:03Z,2026-08-31T07:09:03Z,143043,MIL @ CHC,2026-08-31T23:40:00Z,scheduled,False,active
2026-08-31T11:45:43.314783+00:00,2cd0a5ab-ca6a-4af3-a187-50f3c779649d,84b92de2-75da-4967-b795-884492227359,96e59343-f6f6-4f31-a8d8-2ccaadb641ea,Taj Bradley,hits_allowed,4.5,-179,119,0.82,1.15,0.6415770609318996,0.45662100456621,0.5842088791523226,2026-08-31T10:02:06Z,2026-08-31T10:02:06Z,143456,DET @ MIN,2026-08-31T23:40:00Z,scheduled,False,active
2026-08-31T11:45:43.314783+00:00,056613db-b292-40f0-aec2-c4b121d85859,2703ba45-3f28-4e1c-b971-30bb2a7f231d,fba27030-9987-4ed2-b3c3-507e8e12b385,Michael King,hits_allowed,5.5,110,-164,1.1,0.85,0.47619047619047616,0.6212121212121212,0.4339250493096647,2026-08-31T09:58:26Z,2026-08-31T09:58:26Z,142792,SD @ CIN,2026-08-31T22:40:00Z,scheduled,False,active
2026-08-31T11:45:43.314783+00:00,47ff1a22-5abe-4eed-8b6f-b035ae317a70,77d898d8-e6c2-455a-888e-3652b36a340b,4cec5079-1a9c-4515-b1ec-cb246d3c78b1,Aaron Nola,hits_allowed,5.5,118,-176,1.14,0.82,0.45871559633027525,0.6376811594202898,0.41838467135580887,2026-08-31T10:12:06Z,2026-08-31T10:12:06Z,143937,PHI @ AZ,2026-09-01T01:40:00Z,scheduled,False,active
2026-08-31T11:45:43.314783+00:00,7666e6a9-3605-49da-ba27-fa53bb7f73bc,d0abbd7c-046c-4023-a102-cf9a39ec107c,1780ec99-888d-47c8-87aa-a09447544fd1,Ryan Gusto,hits_allowed,4.5,-176,117,0.83,1.14,0.6376811594202898,0.4608294930875576,0.5804961089494163,2026-08-31T09:07:34Z,2026-08-31T09:07:34Z,144012,MIA @ WSH,2026-08-31T22:45:00Z,scheduled,False,active
2026-08-31T11:45:43.314783+00:00,84b1758f-b841-4899-90a4-c4bb09f80fb7,34006af7-4f93-4304-88bd-57b33b9529e5,c9864d79-20e6-44c6-84b8-ef6187b1589f,Jackson Jobe,hits_allowed,4.5,-164,113,0.85,1.12,0.6212121212121212,0.4694835680751174,0.569555859909998,2026-08-31T05:37:23Z,2026-08-31T09:08:23Z,143456,DET @ MIN,2026-08-31T23:40:00Z,scheduled,False,active
2026-08-31T11:45:43.314783+00:00,b9850239-fa0c-4fad-9951-a9b5190ce6ee,a0f93bb7-efd0-4bf4-80af-79f2298cfa44,bed462ca-5766-46ea-be1a-4b5b526188f4,Kyle Harrison,hits_allowed,4.5,-154,101,0.87,1.09,0.6062992125984252,0.4975124378109453,0.549277779749441,2026-08-31T10:35:39Z,2026-08-31T10:15:34Z,143043,MIL @ CHC,2026-08-31T23:40:00Z,scheduled,False,active
2026-08-31T11:45:43.314783+00:00,4e0d5ba8-bb14-47db-ac6a-6211244c117c,611a4a9b-343b-4dfd-987f-986429d43b26,3a4b7faa-622d-41cf-867d-078cc7c5a2ae,Tanner Gordon,hits_allowed,6.5,-105,-143,1.06,0.9,0.5121951219512195,0.588477366255144,0.46534743753419655,2026-08-31T06:15:43Z,2026-08-31T06:15:43Z,143607,BAL @ COL,2026-09-01T00:40:00Z,scheduled,False,active
2026-08-31T11:45:43.314783+00:00,e719a94d-b64c-4a36-a8bc-13338c2b66a6,4113911b-3c8a-468c-a1c9-9608d98d8cc8,46d24d84-b809-423a-8c1c-fbdbd28acd3d,Will Dion,hits_allowed,3.5,-162,108,0.85,1.12,0.6183206106870229,0.4807692307692308,0.5625751302257246,2026-08-31T09:00:10Z,2026-08-31T09:00:10Z,144012,MIA @ WSH,2026-08-31T22:45:00Z,scheduled,False,active
2026-08-31T11:45:43.314783+00:00,d5ef7756-8588-444b-be0a-a4f686dce941,161e77f2-0ff4-4539-b986-fc39a3c23e55,0ddea7be-0444-4d6f-a08b-97f13703821e,Payton Tolle,hits_allowed,4.5,105,-157,1.1,0.87,0.4878048780487805,0.6108949416342413,0.4439837609052431,2026-08-31T10:58:53Z,2026-08-31T10:58:53Z,144061,SEA @ BOS,2026-08-31T22:45:00Z,scheduled,False,active
2026-08-31T11:45:43.314783+00:00,ec3189b1-0619-4779-8976-e0789f510f4b,7fe871fd-1703-46b0-834e-495b2a31adab,58d49cea-e36a-4a25-9980-b5a2988d46f9,Walbert Ureña,hits_allowed,4.5,-124,-120,1.0,1.0,0.5535714285714286,0.5454545454545454,0.5036927621861153,2026-08-31T09:17:06Z,2026-08-31T09:17:06Z,142712,NYY @ LAA,2026-09-01T01:38:00Z,scheduled,False,active
2026-08-31T11:45:43.314783+00:00,e60d8949-e2d1-4bf5-8b12-0d05c563859f,4cfa6e40-269c-49bd-8111-7f922f3a8564,b20df332-5bcf-4960-8301-c63eadae5944,Peter Lambert,hits_allowed,4.5,-150,-102,0.88,1.08,0.6,0.504950495049505,0.543010752688172,2026-08-31T09:21:08Z,2026-08-31T08:00:04Z,143544,CWS @ HOU,2026-09-01T00:10:00Z,scheduled,False,active
2026-08-31T11:45:43.314783+00:00,c515787d-546d-4e83-811d-d0c23b6c3abe,d769dca8-cdb2-462c-a468-d3925c684df8,16a0e87b-344b-4e95-bbd4-bf6356a29cda,Robert Stock,hits_allowed,4.5,-157,106,0.86,1.11,0.6108949416342413,0.4854368932038835,0.5572171875538403,2026-08-31T10:50:09Z,2026-08-31T10:50:09Z,142703,NYM @ TB,2026-08-31T22:40:00Z,scheduled,False,active
2026-08-31T11:45:43.314783+00:00,8ee16432-0d02-4688-b43e-9852d2d98d20,9a2dbfa0-e625-4f65-b0a3-c47f0653bba5,a9212360-fbc2-4e0b-8bbc-34bf8829e8b1,Elmer Rodríguez,hits_allowed,4.5,102,-148,1.08,0.89,0.49504950495049505,0.5967741935483871,0.4534152406026035,2026-08-31T10:57:29Z,2026-08-31T01:10:46Z,142712,NYY @ LAA,2026-09-01T01:38:00Z,scheduled,False,active
2026-08-31T11:45:43.314783+00:00,d97f3c86-15d1-4c4b-b2b6-103b3e52d3a7,15616c2e-993a-4e64-a1a0-de54fe270514,3919c8cf-bd48-40e9-89b4-d9b220f8db5b,Gage Jump,hits_allowed,4.5,-136,-109,0.95,1.04,0.576271186440678,0.5215311004784688,0.5249316687596957,2026-08-31T10:02:06Z,2026-08-31T10:02:06Z,144275,ATH @ TEX,2026-09-01T00:05:00Z,scheduled,False,active
2026-08-31T11:45:43.314783+00:00,30467d17-a439-495e-a8b0-0c02f62b95f2,871712ad-b158-4c3f-94bc-b79116dcb72e,6c22ff70-0805-4cee-9153-b4c815db7197,Anthony Kay,hits_allowed,4.5,-152,102,0.88,1.09,0.6031746031746031,0.49504950495049505,0.5492272467086433,2026-08-31T07:39:46Z,2026-08-31T07:39:46Z,143544,CWS @ HOU,2026-09-01T00:10:00Z,scheduled,False,active
2026-08-31T11:45:43.314783+00:00,c71c786f-7aeb-4698-9299-26f8ec792c68,0b42a31f-97ef-4c5d-b47b-6e5f9dd53550,b7859538-286d-4bab-841d-767601a20bf4,Ian Seymour,hits_allowed,4.5,-108,-139,1.04,0.91,0.5192307692307693,0.5815899581589958,0.4716760470725825,2026-08-31T11:24:06Z,2026-08-31T11:24:06Z,142703,NYM @ TB,2026-08-31T22:40:00Z,scheduled,False,active
2026-08-31T18:32:28.817702+00:00,bd81be1f-6eaf-44b9-b6f1-9704c7d55fe6,c65f9e30-28c8-4178-9b88-921a3d83c5fd,8efbb831-7fbf-41ca-aafe-9847bb41c8fb,Jacob deGrom,strikeouts,6.5,-114,-120,1.0,1.0,0.5327102803738317,0.5454545454545454,0.4940898345153664,2026-08-31T15:12:07Z,2026-08-31T15:12:07Z,144275,ATH @ TEX,2026-09-01T00:05:00Z,scheduled,False,active
2026-08-31T18:32:28.817702+00:00,c932e7a6-d85f-4e82-860f-fe2e00fd7ed8,6582373f-2c5b-4084-9319-5bd504b23231,a0a4c5fe-4e94-4fa0-97bd-baa94fd7c4f3,George Kirby,strikeouts,4.5,-121,-112,1.0,1.0,0.5475113122171946,0.5283018867924528,0.5089278628680263,2026-08-31T16:07:56Z,2026-08-31T16:07:56Z,144061,SEA @ BOS,2026-08-31T22:45:00Z,scheduled,False,active
2026-08-31T18:32:28.817702+00:00,a72f2776-500d-499b-89d2-f6d9ec14e6ec,3814bb19-5a3d-4fc5-a102-a772526d71cb,92a02c5c-897a-4160-85ce-9aa53b5ca7fa,Brady Singer,strikeouts,4.5,105,-143,1.09,0.88,0.4878048780487805,0.588477366255144,0.4532313718175883,2026-08-31T15:34:03Z,2026-08-31T15:34:03Z,142792,SD @ CIN,2026-08-31T22:40:00Z,scheduled,False,active
2026-08-31T18:32:28.817702+00:00,1e199762-7f4c-4df5-8c39-eaebb4b25bb8,4f6dda88-c2fd-4975-b17f-6de1e594d89c,96e59343-f6f6-4f31-a8d8-2ccaadb641ea,Taj Bradley,strikeouts,5.5,102,-137,1.07,0.9,0.49504950495049505,0.5780590717299579,0.461322848133297,2026-08-31T16:32:25Z,2026-08-31T18:03:03Z,143456,DET @ MIN,2026-08-31T23:40:00Z,scheduled,False,active
2026-08-31T18:32:28.817702+00:00,d1903a4c-0e1c-45c4-995c-f33c5f1e5d95,88d07129-923c-49d8-a0ad-c3d9a4bb2971,4953c5b7-d437-4abb-9bdb-89b1418dbf78,Clay Holmes,strikeouts,4.5,128,-173,1.17,0.81,0.43859649122807015,0.6336996336996337,0.40902553038475364,2026-08-31T16:29:03Z,2026-08-31T16:29:03Z,143043,MIL @ CHC,2026-08-31T23:40:00Z,scheduled,False,active
2026-08-31T18:32:28.817702+00:00,18eed2bf-1e1a-42d3-b6f2-86ee025fc8d4,28bdc8c3-c8d1-4471-9e0e-60a1a51522d5,455c76f1-5a1a-474f-94ff-7911ccaa39e2,Bryce Elder,strikeouts,4.5,113,-154,1.12,0.85,0.4694835680751174,0.6062992125984252,0.43641111989278725,2026-08-31T16:54:03Z,2026-08-31T16:54:03Z,144511,SF @ ATL,2026-08-31T22:05:00Z,scheduled,False,active
2026-08-31T18:32:28.817702+00:00,23797b00-3408-4a73-9695-cfc5dd7e7af4,4ff064de-2617-4a28-b323-fded94966a98,fba27030-9987-4ed2-b3c3-507e8e12b385,Michael King,strikeouts,5.5,-134,-102,0.91,1.05,0.5726495726495726,0.504950495049505,0.5314119679597926,2026-08-31T14:54:15Z,2026-08-31T14:54:15Z,142792,SD @ CIN,2026-08-31T22:40:00Z,scheduled,False,active
2026-08-31T18:32:28.817702+00:00,4b1dcabd-4f14-42a4-a660-7de57ab59e6f,13c32137-ead3-41e0-977f-3b9cfbcd2d67,4cec5079-1a9c-4515-b1ec-cb246d3c78b1,Aaron Nola,strikeouts,4.5,-136,100,0.9,1.06,0.576271186440678,0.5,0.5354330708661418,2026-08-31T18:23:21Z,2026-08-31T18:23:21Z,143937,PHI @ AZ,2026-09-01T01:40:00Z,scheduled,False,active
2026-08-31T18:32:28.817702+00:00,dc508a7f-fa6c-45b9-aa7d-019f23aac84e,62443b9f-54a6-4ca9-930a-cfdaa9a528d3,1780ec99-888d-47c8-87aa-a09447544fd1,Ryan Gusto,strikeouts,3.5,-159,117,0.84,1.11,0.6138996138996139,0.4608294930875576,0.5712133503302815,2026-08-31T16:25:03Z,2026-08-31T16:25:03Z,144012,MIA @ WSH,2026-08-31T22:45:00Z,scheduled,False,active
2026-08-31T18:32:28.817702+00:00,77a07f3a-b38e-46e3-b215-1d13b7efdada,369bb10b-ba3a-43c1-8d0c-c5fe570e54c9,c9864d79-20e6-44c6-84b8-ef6187b1589f,Jackson Jobe,strikeouts,3.5,-109,-124,1.0,1.0,0.5215311004784688,0.5535714285714286,0.48509894301835804,2026-08-31T13:31:43Z,2026-08-31T13:31:43Z,143456,DET @ MIN,2026-08-31T23:40:00Z,scheduled,False,active
2026-08-31T18:32:28.817702+00:00,46294450-3e6c-4a47-a2f4-01deef771187,df174520-516b-4963-95c2-1c7267de2e73,bed462ca-5766-46ea-be1a-4b5b526188f4,Kyle Harrison,strikeouts,5.5,103,-139,1.08,0.89,0.49261083743842365,0.5815899581589958,0.4585835715793311,2026-08-31T17:03:21Z,2026-08-31T17:03:21Z,143043,MIL @ CHC,2026-08-31T23:40:00Z,scheduled,False,active
2026-08-31T18:32:28.817702+00:00,e6c70a76-9547-4d64-bacd-8e4bd8556d19,2a5d3b9e-75f5-429c-b329-9a5fb3e406c4,3a4b7faa-622d-41cf-867d-078cc7c5a2ae,Tanner Gordon,strikeouts,4.5,-115,-115,1.0,1.0,0.5348837209302325,0.5348837209302325,0.5,2026-08-31T12:47:41Z,2026-08-31T12:47:41Z,143607,BAL @ COL,2026-09-01T00:40:00Z,scheduled,False,active
2026-08-31T18:32:28.817702+00:00,02e75fb2-3940-4417-b2f6-db9b60d9e16a,c00ad63c-0a5b-4497-a6ef-79a105928972,d8ab0bfb-4b52-463d-bb18-b7c054e48796,Anthony Molina,strikeouts,2.5,102,-137,1.07,0.9,0.49504950495049505,0.5780590717299579,0.461322848133297,2026-08-31T17:09:12Z,2026-08-31T17:09:12Z,144511,SF @ ATL,2026-08-31T22:05:00Z,scheduled,False,active
2026-08-31T18:32:28.817702+00:00,66e52bcd-186d-4efe-9eca-e884a1bfdd38,aef355ac-2324-4b8f-a072-f5a94e85fc62,46d24d84-b809-423a-8c1c-fbdbd28acd3d,Will Dion,strikeouts,3.5,-132,-103,0.91,1.04,0.5689655172413793,0.5073891625615764,0.528604118993135,2026-08-31T13:50:24Z,2026-08-31T13:50:24Z,144012,MIA @ WSH,2026-08-31T22:45:00Z,scheduled,False,active
2026-08-31T18:32:28.817702+00:00,80d92c48-3b9c-49a2-8c5f-600d00b4cceb,918d91d4-5f18-4208-8477-a85f36ae12ff,3919c8cf-bd48-40e9-89b4-d9b220f8db5b,Gage Jump,strikeouts,5.5,-115,-118,1.0,1.0,0.5348837209302325,0.5412844036697247,0.4970261697065821,2026-08-31T14:32:09Z,2026-08-31T14:32:09Z,144275,ATH @ TEX,2026-09-01T00:05:00Z,scheduled,False,active
2026-08-31T18:32:28.817702+00:00,372744bf-897b-40a7-b89b-ff29656441bc,72dd4396-db1c-4613-ad22-78e1cc17f884,a9212360-fbc2-4e0b-8bbc-34bf8829e8b1,Elmer Rodríguez,strikeouts,4.5,-114,-120,1.0,1.0,0.5327102803738317,0.5454545454545454,0.4940898345153664,2026-08-31T18:06:12Z,2026-08-31T18:06:12Z,142712,NYY @ LAA,2026-09-01T01:38:00Z,scheduled,False,active
2026-08-31T18:32:28.817702+00:00,9d33234e-3502-4826-9ea1-47f727022dc0,29a7234c-a9eb-461a-a5d9-1c81bfc3f883,16a0e87b-344b-4e95-bbd4-bf6356a29cda,Robert Stock,strikeouts,3.5,125,-170,1.15,0.82,0.4444444444444444,0.6296296296296297,0.41379310344827586,2026-08-31T17:49:44Z,2026-08-31T17:49:44Z,142703,NYM @ TB,2026-08-31T22:40:00Z,scheduled,False,active
2026-08-31T18:32:28.817702+00:00,9c2da931-36a2-4218-8554-613be7a8f28d,10108897-60ab-47b7-bb97-be1521ed2a9c,58d49cea-e36a-4a25-9980-b5a2988d46f9,Walbert Ureña,strikeouts,5.5,-103,-132,1.04,0.91,0.5073891625615764,0.5689655172413793,0.471395881006865,2026-08-31T18:15:19Z,2026-08-31T18:15:19Z,142712,NYY @ LAA,2026-09-01T01:38:00Z,scheduled,False,active
2026-08-31T18:32:28.817702+00:00,babddbd1-5f4f-42f7-b7a9-fbe657c78456,271b4d45-429a-4dde-b656-15c1b908dbc5,0ddea7be-0444-4d6f-a08b-97f13703821e,Payton Tolle,strikeouts,6.5,-124,-110,1.0,1.0,0.5535714285714286,0.5238095238095238,0.5138121546961325,2026-08-31T16:13:03Z,2026-08-31T16:13:03Z,144061,SEA @ BOS,2026-08-31T22:45:00Z,scheduled,False,active
2026-08-31T18:32:28.817702+00:00,d7ad735f-e004-4a89-9005-cfcdd83d8d44,0f37c75a-0c0b-40a2-8c2f-6af806777504,b7859538-286d-4bab-841d-767601a20bf4,Ian Seymour,strikeouts,5.5,-150,110,0.87,1.1,0.6,0.47619047619047616,0.5575221238938053,2026-08-31T18:21:55Z,2026-08-31T18:21:55Z,142703,NYM @ TB,2026-08-31T22:40:00Z,scheduled,False,active
2026-08-31T18:32:28.817702+00:00,77a57cf4-19d4-44e1-bba9-16d4256c9891,4412eea7-934d-4b21-a776-15aea6cd9a67,b20df332-5bcf-4960-8301-c63eadae5944,Peter Lambert,strikeouts,5.5,109,-148,1.1,0.87,0.4784688995215311,0.5967741935483871,0.4449867221703869,2026-08-31T17:12:03Z,2026-08-31T17:12:03Z,143544,CWS @ HOU,2026-09-01T00:10:00Z,scheduled,False,active
2026-08-31T18:32:28.817702+00:00,647d5f46-dab7-4356-a657-bee979232b41,b8bd1132-12af-4425-a2f5-e71a8d084fae,a0a4c5fe-4e94-4fa0-97bd-baa94fd7c4f3,George Kirby,pitch_outs,17.5,-103,-134,1.05,0.91,0.5073891625615764,0.5726495726495726,0.4697879307656324,2026-08-31T13:55:09Z,2026-08-31T13:55:09Z,144061,SEA @ BOS,2026-08-31T22:45:00Z,scheduled,False,active
2026-08-31T18:32:28.817702+00:00,aac8aa1b-b19f-41ea-a2b3-d28446e82074,22787201-2093-4427-ad5e-b931348f5637,92a02c5c-897a-4160-85ce-9aa53b5ca7fa,Brady Singer,pitch_outs,17.5,-130,-105,0.94,1.05,0.5652173913043478,0.5121951219512195,0.5246062992125985,2026-08-31T17:36:09Z,2026-08-31T17:36:09Z,142792,SD @ CIN,2026-08-31T22:40:00Z,scheduled,False,active
2026-08-31T18:32:28.817702+00:00,6cb5546a-1fc9-44b5-a2b3-fbb798fc3f04,056b144d-c8e1-4dae-b623-2951eab37066,96e59343-f6f6-4f31-a8d8-2ccaadb641ea,Taj Bradley,pitch_outs,17.5,-143,105,0.88,1.09,0.588477366255144,0.4878048780487805,0.5467686281824116,2026-08-31T16:02:03Z,2026-08-31T16:02:03Z,143456,DET @ MIN,2026-08-31T23:40:00Z,scheduled,False,active
2026-08-31T18:32:28.817702+00:00,cce3e793-27d1-47c0-b963-967736a6fe3f,66418ad4-e850-4e94-8404-83fb20d26932,4953c5b7-d437-4abb-9bdb-89b1418dbf78,Clay Holmes,pitch_outs,15.5,-110,-124,1.0,1.0,0.5238095238095238,0.5535714285714286,0.4861878453038673,2026-08-31T17:33:52Z,2026-08-31T17:33:52Z,143043,MIL @ CHC,2026-08-31T23:40:00Z,scheduled,False,active
2026-08-31T18:32:28.817702+00:00,56e13e6e-1e41-4e58-bea4-968902e652ad,6dc758c0-af50-4758-99b8-652901583087,455c76f1-5a1a-474f-94ff-7911ccaa39e2,Bryce Elder,pitch_outs,17.5,-137,101,0.9,1.06,0.5780590717299579,0.4975124378109453,0.5374436442414662,2026-08-31T18:24:01Z,2026-08-31T18:24:01Z,144511,SF @ ATL,2026-08-31T22:05:00Z,scheduled,False,active
2026-08-31T18:32:28.817702+00:00,6a5da083-976b-4c93-b65d-ad138a4a7ba5,4f9d7d1e-5110-4c57-9f75-36d5c26805e4,4cec5079-1a9c-4515-b1ec-cb246d3c78b1,Aaron Nola,pitch_outs,16.5,-141,104,0.89,1.08,0.5850622406639004,0.49019607843137253,0.544113196125908,2026-08-31T18:23:09Z,2026-08-31T18:23:09Z,143937,PHI @ AZ,2026-09-01T01:40:00Z,scheduled,False,active
2026-08-31T18:32:28.817702+00:00,0d1839b2-9a1f-4949-8bde-12363ef0a4a6,87792907-d13c-451e-9325-00c4b1f0ba4e,1780ec99-888d-47c8-87aa-a09447544fd1,Ryan Gusto,pitch_outs,15.5,118,-159,1.11,0.84,0.45871559633027525,0.6138996138996139,0.42766090948119284,2026-08-31T14:55:03Z,2026-08-31T14:55:03Z,144012,MIA @ WSH,2026-08-31T22:45:00Z,scheduled,False,active
2026-08-31T18:32:28.817702+00:00,a67818fd-4915-4ea3-890f-424fb767e58c,871a0728-fddc-405a-82df-c9c8c38ff3eb,c9864d79-20e6-44c6-84b8-ef6187b1589f,Jackson Jobe,pitch_outs,14.5,-176,130,0.81,1.14,0.6376811594202898,0.43478260869565216,0.5945945945945946,2026-08-31T16:04:02Z,2026-08-31T16:04:02Z,143456,DET @ MIN,2026-08-31T23:40:00Z,scheduled,False,active
2026-08-31T18:32:28.817702+00:00,036f385e-1626-4063-924a-5d8e0c453610,2948bf24-9415-43f8-9eff-945c72288ea1,bed462ca-5766-46ea-be1a-4b5b526188f4,Kyle Harrison,pitch_outs,15.5,106,-143,1.09,0.88,0.4854368932038835,0.588477366255144,0.4520257450053946,2026-08-31T17:02:04Z,2026-08-31T17:02:04Z,143043,MIL @ CHC,2026-08-31T23:40:00Z,scheduled,False,active
2026-08-31T18:32:28.817702+00:00,5f6bca6b-20da-42d8-8a5d-275f1a896396,ea44f4eb-10b6-48b5-96c4-08d7bcf213cf,3a4b7faa-622d-41cf-867d-078cc7c5a2ae,Tanner Gordon,pitch_outs,15.5,-109,-125,1.0,1.0,0.5215311004784688,0.5555555555555556,0.4842053307008884,2026-08-31T12:42:13Z,2026-08-31T12:42:13Z,143607,BAL @ COL,2026-09-01T00:40:00Z,scheduled,False,active
2026-08-31T18:32:28.817702+00:00,51425328-4e81-4337-933f-507719f73826,8ce0035b-00cb-4b42-bafa-52c3a0db43f4,d8ab0bfb-4b52-463d-bb18-b7c054e48796,Anthony Molina,pitch_outs,9.5,-132,-103,0.91,1.04,0.5689655172413793,0.5073891625615764,0.528604118993135,2026-08-31T15:57:29Z,2026-08-31T15:57:29Z,144511,SF @ ATL,2026-08-31T22:05:00Z,scheduled,False,active
2026-08-31T18:32:28.817702+00:00,1ae87173-4975-4c80-896f-3e32ffbd20bc,3b87f886-f479-4045-8f90-8a105cfeff04,a9212360-fbc2-4e0b-8bbc-34bf8829e8b1,Elmer Rodríguez,pitch_outs,14.5,-173,127,0.81,1.16,0.6336996336996337,0.44052863436123346,0.589911523035556,2026-08-31T14:18:10Z,2026-08-31T14:18:10Z,142712,NYY @ LAA,2026-09-01T01:38:00Z,scheduled,False,active
2026-08-31T18:32:28.817702+00:00,39ab4a6d-8140-4785-8dc0-1f5cce62642e,443720f2-8b62-4cfc-a0cb-bfdfc8eb1ac8,58d49cea-e36a-4a25-9980-b5a2988d46f9,Walbert Ureña,pitch_outs,15.5,109,-148,1.1,0.87,0.4784688995215311,0.5967741935483871,0.4449867221703869,2026-08-31T14:50:03Z,2026-08-31T14:50:03Z,142712,NYY @ LAA,2026-09-01T01:38:00Z,scheduled,False,active
2026-08-31T18:32:28.817702+00:00,c791b6e9-7903-410f-a8e1-c8e140003586,49cb1c84-186a-47b3-9e89-eaf156e0e0f2,6c22ff70-0805-4cee-9153-b4c815db7197,Anthony Kay,pitch_outs,15.5,102,-137,1.07,0.9,0.49504950495049505,0.5780590717299579,0.461322848133297,2026-08-31T15:17:19Z,2026-08-31T15:17:19Z,143544,CWS @ HOU,2026-09-01T00:10:00Z,scheduled,False,active
2026-08-31T18:32:28.817702+00:00,e7f58b6f-fd06-4f20-89f7-a585bf6dcdae,10aa9396-a5ca-44a9-8634-3866ea70b63e,b20df332-5bcf-4960-8301-c63eadae5944,Peter Lambert,pitch_outs,16.5,-130,-104,0.94,1.05,0.5652173913043478,0.5098039215686274,0.5257731958762887,2026-08-31T18:18:06Z,2026-08-31T18:18:06Z,143544,CWS @ HOU,2026-09-01T00:10:00Z,scheduled,False,active
2026-08-31T18:32:28.817702+00:00,e64a711d-476c-47eb-b175-d899ffa9f474,45af7204-f23f-42b9-ba07-cd3e004dd167,b7859538-286d-4bab-841d-767601a20bf4,Ian Seymour,pitch_outs,16.5,-159,117,0.84,1.11,0.6138996138996139,0.4608294930875576,0.5712133503302815,2026-08-31T15:00:08Z,2026-08-31T15:00:08Z,142703,NYM @ TB,2026-08-31T22:40:00Z,scheduled,False,active
2026-08-31T18:32:28.817702+00:00,2e727d87-025e-448b-bca8-57b2f3208787,1629ed7c-81ae-4503-af3b-896236ca8f9d,16a0e87b-344b-4e95-bbd4-bf6356a29cda,Robert Stock,pitch_outs,14.5,-132,-103,0.91,1.04,0.5689655172413793,0.5073891625615764,0.528604118993135,2026-08-31T15:53:58Z,2026-08-31T15:53:58Z,142703,NYM @ TB,2026-08-31T22:40:00Z,scheduled,False,active
2026-08-31T18:32:28.817702+00:00,0bf90fe3-ea72-47c5-b08d-6066d1ec3331,da8e3f87-8842-4c66-920f-3d0e5b277e9c,3919c8cf-bd48-40e9-89b4-d9b220f8db5b,Gage Jump,pitch_outs,15.5,-134,-103,0.91,1.05,0.5726495726495726,0.5073891625615764,0.5302120692343677,2026-08-31T14:15:19Z,2026-08-31T14:15:19Z,144275,ATH @ TEX,2026-09-01T00:05:00Z,scheduled,False,active
2026-08-31T18:32:28.817702+00:00,2625f400-19cb-47b8-b736-4992e90e4763,a130956c-8927-4c7c-bb76-65c5d1b7d62d,0ddea7be-0444-4d6f-a08b-97f13703821e,Payton Tolle,pitch_outs,17.5,-132,-103,0.91,1.04,0.5689655172413793,0.5073891625615764,0.528604118993135,2026-08-31T16:48:34Z,2026-08-31T16:48:34Z,144061,SEA @ BOS,2026-08-31T22:45:00Z,scheduled,False,active
2026-08-31T18:32:28.817702+00:00,b0df6469-ce78-4670-ae32-305da3b4ee9c,5a4a3670-c479-4213-8532-3c724e692736,46d24d84-b809-423a-8c1c-fbdbd28acd3d,Will Dion,pitch_outs,11.5,-121,-113,1.0,1.0,0.5475113122171946,0.5305164319248826,0.5078823946715012,2026-08-31T14:45:04Z,2026-08-31T14:45:04Z,144012,MIA @ WSH,2026-08-31T22:45:00Z,scheduled,False,active
2026-08-31T18:32:28.817702+00:00,cae4d2f8-899a-4848-8e0e-1e9e8762a9a9,fcc12b0c-1887-472d-9c62-946eef059914,8efbb831-7fbf-41ca-aafe-9847bb41c8fb,Jacob deGrom,runs_allowed,1.5,-102,-134,1.05,0.91,0.504950495049505,0.5726495726495726,0.4685880320402073,2026-08-31T18:20:54Z,2026-08-31T18:20:54Z,144275,ATH @ TEX,2026-09-01T00:05:00Z,scheduled,False,active
2026-08-31T18:32:28.817702+00:00,74cf5fa6-8822-4d8b-8cf3-cc4dd7999e1d,094f2430-dd0e-433f-bd94-4b403786bd6f,a0a4c5fe-4e94-4fa0-97bd-baa94fd7c4f3,George Kirby,runs_allowed,2.5,-127,-107,1.0,1.0,0.5594713656387665,0.5169082125603864,0.519771442128989,2026-08-31T12:08:34Z,2026-08-31T12:08:34Z,144061,SEA @ BOS,2026-08-31T22:45:00Z,scheduled,False,active
2026-08-31T18:32:28.817702+00:00,f5918a77-0631-47ee-bf79-f6d41efeb020,c56c2d40-e956-4291-9799-93e66579c4c1,92a02c5c-897a-4160-85ce-9aa53b5ca7fa,Brady Singer,runs_allowed,2.5,-134,-102,0.91,1.05,0.5726495726495726,0.504950495049505,0.5314119679597926,2026-08-31T13:07:56Z,2026-08-31T13:07:56Z,142792,SD @ CIN,2026-08-31T22:40:00Z,scheduled,False,active
2026-08-31T18:32:28.817702+00:00,7a77f28e-d65e-4609-88b1-644345188d2f,22ef8f81-0841-4419-a144-2b4cbc1e145e,96e59343-f6f6-4f31-a8d8-2ccaadb641ea,Taj Bradley,runs_allowed,2.5,100,-136,1.05,0.91,0.5,0.576271186440678,0.4645669291338583,2026-08-31T16:15:15Z,2026-08-31T16:15:15Z,143456,DET @ MIN,2026-08-31T23:40:00Z,scheduled,False,active
2026-08-31T18:32:28.817702+00:00,00e788c9-3f07-4ce9-b2e7-71735b325d01,1e7711aa-3f13-47b5-9018-05fa374f31da,4953c5b7-d437-4abb-9bdb-89b1418dbf78,Clay Holmes,runs_allowed,2.5,-103,-132,1.04,0.91,0.5073891625615764,0.5689655172413793,0.471395881006865,2026-08-31T15:31:21Z,2026-08-31T15:31:21Z,143043,MIL @ CHC,2026-08-31T23:40:00Z,scheduled,False,active
2026-08-31T18:32:28.817702+00:00,e43052e0-7d60-4b30-bcaa-189553abee88,062dc953-0e11-418a-8fb3-96c980a06013,455c76f1-5a1a-474f-94ff-7911ccaa39e2,Bryce Elder,runs_allowed,2.5,-102,-134,1.05,0.91,0.504950495049505,0.5726495726495726,0.4685880320402073,2026-08-31T15:49:03Z,2026-08-31T15:49:03Z,144511,SF @ ATL,2026-08-31T22:05:00Z,scheduled,False,active
2026-08-31T18:32:28.817702+00:00,1f6a4a68-1b03-44ea-934b-9832f2eb6895,f876c5c9-0f9a-4ca1-926f-3e440066ba97,4cec5079-1a9c-4515-b1ec-cb246d3c78b1,Aaron Nola,runs_allowed,2.5,110,-150,1.1,0.86,0.47619047619047616,0.6,0.4424778761061947,2026-08-31T18:23:07Z,2026-08-31T18:23:07Z,143937,PHI @ AZ,2026-09-01T01:40:00Z,scheduled,False,active
2026-08-31T18:32:28.817702+00:00,3e27fceb-7816-40a5-8816-a434a28c005d,402691b8-0514-4fc8-b9c0-2e67668af081,1780ec99-888d-47c8-87aa-a09447544fd1,Ryan Gusto,runs_allowed,2.5,117,-159,1.11,0.84,0.4608294930875576,0.6138996138996139,0.42878664966971836,2026-08-31T16:17:02Z,2026-08-31T16:17:02Z,144012,MIA @ WSH,2026-08-31T22:45:00Z,scheduled,False,active
2026-08-31T18:32:28.817702+00:00,62473dd6-2139-4922-887f-9494d7d6ff26,a6a74ace-b9b8-400f-a190-f43b231e291b,c9864d79-20e6-44c6-84b8-ef6187b1589f,Jackson Jobe,runs_allowed,2.5,-104,-130,1.05,0.94,0.5098039215686274,0.5652173913043478,0.4742268041237114,2026-08-31T16:04:02Z,2026-08-31T16:04:02Z,143456,DET @ MIN,2026-08-31T23:40:00Z,scheduled,False,active
2026-08-31T18:32:28.817702+00:00,724ff56e-0b7d-4da1-8e73-438619142e6b,166b5bdf-4bea-48ea-a172-ffe3860dc8b5,bed462ca-5766-46ea-be1a-4b5b526188f4,Kyle Harrison,runs_allowed,2.5,109,-148,1.1,0.87,0.4784688995215311,0.5967741935483871,0.4449867221703869,2026-08-31T17:02:04Z,2026-08-31T17:02:04Z,143043,MIL @ CHC,2026-08-31T23:40:00Z,scheduled,False,active
2026-08-31T18:32:28.817702+00:00,2d1cba09-553a-4d61-afaa-612cb5e9cef3,542a844b-cadb-4597-8c0a-8e565d8cfbd0,3a4b7faa-622d-41cf-867d-078cc7c5a2ae,Tanner Gordon,runs_allowed,3.5,101,-136,1.06,0.91,0.4975124378109453,0.576271186440678,0.4633265274069421,2026-08-31T12:02:58Z,2026-08-31T12:02:24Z,143607,BAL @ COL,2026-09-01T00:40:00Z,scheduled,False,active
2026-08-31T18:32:28.817702+00:00,88cd5a92-b08f-4c3b-9f51-85189e5d05e8,74c36fbf-1bcc-4f10-a3b7-ff3003fdc0e0,d8ab0bfb-4b52-463d-bb18-b7c054e48796,Anthony Molina,runs_allowed,1.5,-167,124,0.82,1.15,0.6254681647940075,0.44642857142857145,0.583515317901042,2026-08-31T15:49:03Z,2026-08-31T15:49:03Z,144511,SF @ ATL,2026-08-31T22:05:00Z,scheduled,False,active
2026-08-31T18:32:28.817702+00:00,9668681b-ed3f-4d5d-850e-000d2cc735bc,184e7acb-e8da-4d95-960b-5508f5ccfb89,b7859538-286d-4bab-841d-767601a20bf4,Ian Seymour,runs_allowed,1.5,-167,122,0.83,1.14,0.6254681647940075,0.45045045045045046,0.5813340859911562,2026-08-31T17:57:43Z,2026-08-31T17:57:43Z,142703,NYM @ TB,2026-08-31T22:40:00Z,scheduled,False,active
2026-08-31T18:32:28.817702+00:00,0277d127-c244-4280-b22f-eef0f00ce173,ca7f7a87-58a1-4888-ad35-ee6abd0105f5,0ddea7be-0444-4d6f-a08b-97f13703821e,Payton Tolle,runs_allowed,1.5,-150,110,0.87,1.1,0.6,0.47619047619047616,0.5575221238938053,2026-08-31T16:13:03Z,2026-08-31T16:13:03Z,144061,SEA @ BOS,2026-08-31T22:45:00Z,scheduled,False,active
2026-08-31T18:32:28.817702+00:00,316cecea-5fe8-403b-b481-3ff0d7315b1d,b9706261-3af1-4502-a735-182206081cc3,a9212360-fbc2-4e0b-8bbc-34bf8829e8b1,Elmer Rodríguez,runs_allowed,2.5,102,-139,1.07,0.9,0.49504950495049505,0.5815899581589958,0.45980991958136136,2026-08-31T14:25:12Z,2026-08-31T14:25:13Z,142712,NYY @ LAA,2026-09-01T01:38:00Z,scheduled,False,active
2026-08-31T18:32:28.817702+00:00,4f4ddcd4-f4d4-4b4d-92d4-089f39b7dd18,aea29a54-0981-4cd4-8184-5a2ce4afe284,58d49cea-e36a-4a25-9980-b5a2988d46f9,Walbert Ureña,runs_allowed,2.5,111,-150,1.11,0.86,0.47393364928909953,0.6,0.44130626654898497,2026-08-31T13:29:38Z,2026-08-31T13:29:38Z,142712,NYY @ LAA,2026-09-01T01:38:00Z,scheduled,False,active
2026-08-31T18:32:28.817702+00:00,d670ae9e-c173-4bc2-a1f8-914ad0386fff,715465b8-d2c9-418f-9239-b46904545849,b20df332-5bcf-4960-8301-c63eadae5944,Peter Lambert,runs_allowed,2.5,-103,-134,1.05,0.91,0.5073891625615764,0.5726495726495726,0.4697879307656324,2026-08-31T16:58:03Z,2026-08-31T16:58:03Z,143544,CWS @ HOU,2026-09-01T00:10:00Z,scheduled,False,active
2026-08-31T18:32:28.817702+00:00,515eba00-9c79-4aaa-9237-66d87e4383c9,47f67bf7-5cb9-443b-9c98-c5b5982c6bae,16a0e87b-344b-4e95-bbd4-bf6356a29cda,Robert Stock,runs_allowed,2.5,100,-136,1.06,0.9,0.5,0.576271186440678,0.4645669291338583,2026-08-31T15:04:48Z,2026-08-31T15:04:48Z,142703,NYM @ TB,2026-08-31T22:40:00Z,scheduled,False,active
2026-08-31T18:32:28.817702+00:00,bfc6d7c2-873d-4c32-82fe-a17c20c154d1,665fa707-b0c2-4d50-b38c-cfeec5235ac1,46d24d84-b809-423a-8c1c-fbdbd28acd3d,Will Dion,runs_allowed,1.5,-134,-102,0.91,1.05,0.5726495726495726,0.504950495049505,0.5314119679597926,2026-08-31T15:14:33Z,2026-08-31T15:14:33Z,144012,MIA @ WSH,2026-08-31T22:45:00Z,scheduled,False,active
2026-08-31T18:32:28.817702+00:00,1e6bba3a-c101-4ba6-9ea4-d9f652119896,cb205aa2-afe6-4d96-b20a-1510f4038f9b,3919c8cf-bd48-40e9-89b4-d9b220f8db5b,Gage Jump,runs_allowed,2.5,100,-136,1.06,0.9,0.5,0.576271186440678,0.4645669291338583,2026-08-31T18:17:03Z,2026-08-31T18:17:03Z,144275,ATH @ TEX,2026-09-01T00:05:00Z,scheduled,False,active
2026-08-31T18:32:28.817702+00:00,3f84409e-16f5-4293-b29e-7ed163df587c,3c71e276-2e6c-4e15-b83b-c10c0e12d070,8efbb831-7fbf-41ca-aafe-9847bb41c8fb,Jacob deGrom,walks_allowed,1.5,106,-127,1.07,0.91,0.4854368932038835,0.5594713656387665,0.4645736973517253,2026-08-31T16:29:40Z,2026-08-31T14:10:45Z,144275,ATH @ TEX,2026-09-01T00:05:00Z,scheduled,False,active
2026-08-31T18:32:28.817702+00:00,ad6bab0d-4b25-4f84-b097-9629c0417c75,6c73e647-71af-445e-a6d9-56f602cce67f,a0a4c5fe-4e94-4fa0-97bd-baa94fd7c4f3,George Kirby,walks_allowed,1.5,131,-162,1.16,0.82,0.4329004329004329,0.6183206106870229,0.41180723649052214,2026-08-31T18:08:14Z,2026-08-31T18:08:14Z,144061,SEA @ BOS,2026-08-31T22:45:00Z,scheduled,False,active
2026-08-31T18:32:28.817702+00:00,6048f8de-2620-4339-bb5b-126fb572ccd3,411342f6-e187-484d-aede-bb93151ac4ba,92a02c5c-897a-4160-85ce-9aa53b5ca7fa,Brady Singer,walks_allowed,1.5,-164,133,0.81,1.17,0.6212121212121212,0.4291845493562232,0.5914071689469448,2026-08-31T17:36:09Z,2026-08-31T17:36:09Z,142792,SD @ CIN,2026-08-31T22:40:00Z,scheduled,False,active
2026-08-31T18:32:28.817702+00:00,5ecb48f3-dd11-45ae-9832-b0b680789131,74503517-2c93-4e91-ae98-c2f0ffd9aa8d,96e59343-f6f6-4f31-a8d8-2ccaadb641ea,Taj Bradley,walks_allowed,2.5,142,-176,1.17,0.8,0.4132231404958678,0.6376811594202898,0.39320720310006846,2026-08-31T16:57:30Z,2026-08-31T16:57:30Z,143456,DET @ MIN,2026-08-31T23:40:00Z,scheduled,False,active
2026-08-31T18:32:28.817702+00:00,59d12a79-6fb0-4846-a9a5-524adefddc9c,59fc0105-22bb-499d-b3be-617031b4a4dd,4953c5b7-d437-4abb-9bdb-89b1418dbf78,Clay Holmes,walks_allowed,2.5,128,-159,1.14,0.82,0.43859649122807015,0.6138996138996139,0.41672029862273136,2026-08-31T16:18:42Z,2026-08-31T16:18:42Z,143043,MIL @ CHC,2026-08-31T23:40:00Z,scheduled,False,active
2026-08-31T18:32:28.817702+00:00,8fe554b1-db11-4847-9b5d-c1a0dde9e0c0,cbc740a2-1d82-4043-ad56-24a370c231c5,455c76f1-5a1a-474f-94ff-7911ccaa39e2,Bryce Elder,walks_allowed,1.5,-115,-106,1.0,1.0,0.5348837209302325,0.5145631067961165,0.5096815834767643,2026-08-31T15:48:55Z,2026-08-31T15:48:55Z,144511,SF @ ATL,2026-08-31T22:05:00Z,scheduled,False,active
2026-08-31T18:32:28.817702+00:00,453a031a-bfcb-4dd7-8847-6d9b2d1c1bec,b9dbcf4c-81a4-4d38-9d75-527987672b48,fba27030-9987-4ed2-b3c3-507e8e12b385,Michael King,walks_allowed,1.5,-193,155,0.77,1.24,0.658703071672355,0.39215686274509803,0.6268229000827867,2026-08-31T18:20:18Z,2026-08-31T18:20:18Z,142792,SD @ CIN,2026-08-31T22:40:00Z,scheduled,False,active
2026-08-31T18:32:28.817702+00:00,099e9b4f-0062-4d79-84b4-3428c8d1de08,22273858-b813-435a-a442-2c051c6e5c28,4cec5079-1a9c-4515-b1ec-cb246d3c78b1,Aaron Nola,walks_allowed,1.5,-167,134,0.81,1.17,0.6254681647940075,0.42735042735042733,0.5940892091580772,2026-08-31T16:57:30Z,2026-08-31T16:57:30Z,143937,PHI @ AZ,2026-09-01T01:40:00Z,scheduled,False,active
2026-08-31T18:32:28.817702+00:00,f76e0bf6-7ae9-4d9f-ba6c-61d2e7874b17,c1fd1422-8709-4d24-b80f-74770f89924b,1780ec99-888d-47c8-87aa-a09447544fd1,Ryan Gusto,walks_allowed,0.5,-209,168,0.75,1.31,0.6763754045307443,0.373134328358209,0.6444679675994108,2026-08-31T17:05:14Z,2026-08-31T17:05:14Z,144012,MIA @ WSH,2026-08-31T22:45:00Z,scheduled,False,active
2026-08-31T18:32:28.817702+00:00,f32da753-4383-484a-b405-2a90828b8994,b6f522fa-4cde-490d-8a23-a97863d9acc9,c9864d79-20e6-44c6-84b8-ef6187b1589f,Jackson Jobe,walks_allowed,1.5,-170,136,0.81,1.15,0.6296296296296297,0.423728813559322,0.597735399284863,2026-08-31T17:32:23Z,2026-08-31T17:32:23Z,143456,DET @ MIN,2026-08-31T23:40:00Z,scheduled,False,active
2026-08-31T18:32:28.817702+00:00,fc3eb82c-cdec-44b1-ac7e-cbc5b76d4b14,01674be8-b683-428a-9eb3-d764b746d250,bed462ca-5766-46ea-be1a-4b5b526188f4,Kyle Harrison,walks_allowed,1.5,-105,-118,1.0,1.0,0.5121951219512195,0.5412844036697247,0.4861937128292268,2026-08-31T14:51:23Z,2026-08-31T14:51:23Z,143043,MIL @ CHC,2026-08-31T23:40:00Z,scheduled,False,active
2026-08-31T18:32:28.817702+00:00,4bcd0b22-4e74-4c0e-bb3b-d82d6854dea5,5cc23c0e-7319-46a5-9eba-f0f13263434b,3a4b7faa-622d-41cf-867d-078cc7c5a2ae,Tanner Gordon,walks_allowed,0.5,-170,138,0.81,1.15,0.6296296296296297,0.42016806722689076,0.5997628224132819,2026-08-31T18:20:18Z,2026-08-31T18:20:18Z,143607,BAL @ COL,2026-09-01T00:40:00Z,scheduled,False,active
2026-08-31T18:32:28.817702+00:00,ee3d7b39-c85d-4169-a6c1-d92858ed97b9,bfb3779b-2fde-46b2-9769-803e2d0fd181,d8ab0bfb-4b52-463d-bb18-b7c054e48796,Anthony Molina,walks_allowed,1.5,157,-197,1.26,0.76,0.38910505836575876,0.6632996632996633,0.3697294874827273,2026-08-31T15:48:52Z,2026-08-31T15:48:52Z,144511,SF @ ATL,2026-08-31T22:05:00Z,scheduled,False,active
2026-08-31T18:32:28.817702+00:00,c609be80-3f09-41e4-9a8a-11a90a28275c,60e5541c-c704-4920-93bd-25cae2082053,b7859538-286d-4bab-841d-767601a20bf4,Ian Seymour,walks_allowed,1.5,106,-130,1.07,0.9,0.4854368932038835,0.5652173913043478,0.4620329449578144,2026-08-31T16:00:35Z,2026-08-31T16:00:35Z,142703,NYM @ TB,2026-08-31T22:40:00Z,scheduled,False,active
2026-08-31T18:32:28.817702+00:00,2cbf45a2-c753-4923-8380-1d2a50727f5e,6411eb1d-ced2-481c-82b1-21837d8e94c1,3919c8cf-bd48-40e9-89b4-d9b220f8db5b,Gage Jump,walks_allowed,2.5,132,-164,1.16,0.81,0.43103448275862066,0.6212121212121212,0.4096325719960278,2026-08-31T17:53:59Z,2026-08-31T17:53:59Z,144275,ATH @ TEX,2026-09-01T00:05:00Z,scheduled,False,active
2026-08-31T18:32:28.817702+00:00,7094fb64-496d-4099-94e8-a1f31054768f,d8afde0e-953d-4ff3-99d3-e66ad899556a,b20df332-5bcf-4960-8301-c63eadae5944,Peter Lambert,walks_allowed,2.5,145,-179,1.19,0.79,0.40816326530612246,0.6415770609318996,0.38882307853111286,2026-08-31T17:57:19Z,2026-08-31T17:57:19Z,143544,CWS @ HOU,2026-09-01T00:10:00Z,scheduled,False,active
2026-08-31T18:32:28.817702+00:00,6d140113-beee-4630-957b-441d9f8596cf,a3b5e3dc-595a-4501-b279-f5122d7531cc,0ddea7be-0444-4d6f-a08b-97f13703821e,Payton Tolle,walks_allowed,1.5,102,-125,1.04,0.91,0.49504950495049505,0.5555555555555556,0.4712041884816754,2026-08-31T16:24:21Z,2026-08-31T16:24:21Z,144061,SEA @ BOS,2026-08-31T22:45:00Z,scheduled,False,active
2026-08-31T18:32:28.817702+00:00,b29ece05-d701-4e5f-8bec-bca25dd48cc9,8566b5dd-660d-467e-9197-bf495236510f,46d24d84-b809-423a-8c1c-fbdbd28acd3d,Will Dion,walks_allowed,1.5,174,-218,1.35,0.74,0.36496350364963503,0.6855345911949685,0.34741948171131415,2026-08-31T14:45:04Z,2026-08-31T14:45:04Z,144012,MIA @ WSH,2026-08-31T22:45:00Z,scheduled,False,active
2026-08-31T18:32:28.817702+00:00,b0e88a74-03fc-48af-8be8-ce54691ca035,e61ef473-c8a5-4477-872e-2b732b307c19,a9212360-fbc2-4e0b-8bbc-34bf8829e8b1,Elmer Rodríguez,walks_allowed,2.5,121,-148,1.1,0.85,0.45248868778280543,0.5967741935483871,0.43124434861236693,2026-08-31T14:17:36Z,2026-08-31T14:17:36Z,142712,NYY @ LAA,2026-09-01T01:38:00Z,scheduled,False,active
2026-08-31T18:32:28.817702+00:00,6c317d6b-46d3-4cba-bbeb-45783410d6f5,af94fcb1-54fe-4f4b-8b45-cac47904bb58,58d49cea-e36a-4a25-9980-b5a2988d46f9,Walbert Ureña,walks_allowed,2.5,105,-129,1.06,0.9,0.4878048780487805,0.5633187772925764,0.4640794406728139,2026-08-31T16:20:02Z,2026-08-31T16:20:02Z,142712,NYY @ LAA,2026-09-01T01:38:00Z,scheduled,False,active
2026-08-31T18:32:28.817702+00:00,2bd39375-5820-449b-a575-6afed36a77ae,04ba8b29-ef52-4a34-90c2-5592103dd2b3,6c22ff70-0805-4cee-9153-b4c815db7197,Anthony Kay,walks_allowed,1.5,-193,155,0.77,1.24,0.658703071672355,0.39215686274509803,0.6268229000827867,2026-08-31T17:12:02Z,2026-08-31T17:12:02Z,143544,CWS @ HOU,2026-09-01T00:10:00Z,scheduled,False,active
2026-08-31T18:32:28.817702+00:00,d4d23ef7-a101-4307-a977-eb6233954cbb,8d2fd904-7271-4cfe-89a3-ba25b0cc213d,16a0e87b-344b-4e95-bbd4-bf6356a29cda,Robert Stock,walks_allowed,2.5,117,-143,1.11,0.86,0.4608294930875576,0.588477366255144,0.4391751459398891,2026-08-31T18:18:15Z,2026-08-31T18:18:15Z,142703,NYM @ TB,2026-08-31T22:40:00Z,scheduled,False,active
2026-08-31T18:32:28.817702+00:00,e1b2e511-82bb-4ae5-9717-2768d4ad1fae,d72fef69-655a-4897-9c39-60ddcf5e2844,8efbb831-7fbf-41ca-aafe-9847bb41c8fb,Jacob deGrom,hits_allowed,4.5,121,-182,1.16,0.82,0.45248868778280543,0.6453900709219859,0.4121481394872994,2026-08-31T12:20:11Z,2026-08-31T12:20:11Z,144275,ATH @ TEX,2026-09-01T00:05:00Z,scheduled,False,active
2026-08-31T18:32:28.817702+00:00,8f631699-0e5a-495f-8e16-4b9624e84aa0,98450dc7-9639-4988-8fbb-f9028728b476,a0a4c5fe-4e94-4fa0-97bd-baa94fd7c4f3,George Kirby,hits_allowed,5.5,-164,111,0.85,1.1,0.6212121212121212,0.47393364928909953,0.5672414923611567,2026-08-31T16:15:05Z,2026-08-31T16:15:05Z,144061,SEA @ BOS,2026-08-31T22:45:00Z,scheduled,False,active
2026-08-31T18:32:28.817702+00:00,bf8f51a2-78ef-4987-a9c7-f541784afd7d,8fd117f7-d987-40dc-8852-804477fa550c,92a02c5c-897a-4160-85ce-9aa53b5ca7fa,Brady Singer,hits_allowed,5.5,-145,-104,0.9,1.07,0.5918367346938775,0.5098039215686274,0.537232110424991,2026-08-31T17:58:25Z,2026-08-31T17:58:25Z,142792,SD @ CIN,2026-08-31T22:40:00Z,scheduled,False,active
2026-08-31T18:32:28.817702+00:00,dcd31008-b7d9-4b7f-86c4-96354be62b32,d2a9cb6d-946d-4d5f-a32f-040e38619f9d,4953c5b7-d437-4abb-9bdb-89b1418dbf78,Clay Holmes,hits_allowed,5.5,105,-157,1.1,0.87,0.4878048780487805,0.6108949416342413,0.4439837609052431,2026-08-31T17:51:19Z,2026-08-31T17:51:19Z,143043,MIL @ CHC,2026-08-31T23:40:00Z,scheduled,False,active
2026-08-31T18:32:28.817702+00:00,2cd0a5ab-ca6a-4af3-a187-50f3c779649d,8dceb599-e265-44a5-9835-f0e32dc6d72c,96e59343-f6f6-4f31-a8d8-2ccaadb641ea,Taj Bradley,hits_allowed,5.5,118,-176,1.14,0.82,0.45871559633027525,0.6376811594202898,0.41838467135580887,2026-08-31T18:26:06Z,2026-08-31T18:26:06Z,143456,DET @ MIN,2026-08-31T23:40:00Z,scheduled,False,active
2026-08-31T18:32:28.817702+00:00,ffbdd312-60ba-4bd5-ad54-be1ba8564c1d,76f49007-2326-479c-8c3f-3438aacd8c5a,455c76f1-5a1a-474f-94ff-7911ccaa39e2,Bryce Elder,hits_allowed,5.5,-108,-139,1.04,0.91,0.5192307692307693,0.5815899581589958,0.4716760470725825,2026-08-31T16:54:03Z,2026-08-31T16:54:03Z,144511,SF @ ATL,2026-08-31T22:05:00Z,scheduled,False,active
2026-08-31T18:32:28.817702+00:00,056613db-b292-40f0-aec2-c4b121d85859,4c468f46-d65a-4786-ad6b-b5ce8011efdd,fba27030-9987-4ed2-b3c3-507e8e12b385,Michael King,hits_allowed,5.5,117,-173,1.13,0.83,0.4608294930875576,0.6336996336996337,0.42102990391881684,2026-08-31T17:53:06Z,2026-08-31T17:53:06Z,142792,SD @ CIN,2026-08-31T22:40:00Z,scheduled,False,active
2026-08-31T18:32:28.817702+00:00,7666e6a9-3605-49da-ba27-fa53bb7f73bc,71afc4d7-660d-41d1-9dc7-801517ba6323,1780ec99-888d-47c8-87aa-a09447544fd1,Ryan Gusto,hits_allowed,5.5,116,-173,1.13,0.83,0.46296296296296297,0.6336996336996337,0.4221562442011505,2026-08-31T14:23:08Z,2026-08-31T14:23:08Z,144012,MIA @ WSH,2026-08-31T22:45:00Z,scheduled,False,active
2026-08-31T18:32:28.817702+00:00,84b1758f-b841-4899-90a4-c4bb09f80fb7,ebe4eaeb-34da-4df4-bade-31b486ce4776,c9864d79-20e6-44c6-84b8-ef6187b1589f,Jackson Jobe,hits_allowed,4.5,-152,102,0.88,1.08,0.6031746031746031,0.49504950495049505,0.5492272467086433,2026-08-31T12:36:07Z,2026-08-31T12:36:07Z,143456,DET @ MIN,2026-08-31T23:40:00Z,scheduled,False,active
2026-08-31T18:32:28.817702+00:00,b9850239-fa0c-4fad-9951-a9b5190ce6ee,11592c8f-66af-40b8-9d13-116f5f5426f4,bed462ca-5766-46ea-be1a-4b5b526188f4,Kyle Harrison,hits_allowed,4.5,-162,108,0.86,1.12,0.6183206106870229,0.4807692307692308,0.5625751302257246,2026-08-31T17:17:03Z,2026-08-31T17:17:03Z,143043,MIL @ CHC,2026-08-31T23:40:00Z,scheduled,False,active
2026-08-31T18:32:28.817702+00:00,4e0d5ba8-bb14-47db-ac6a-6211244c117c,301dc1a9-a016-4df5-bfaa-74ef3af7cc97,3a4b7faa-622d-41cf-867d-078cc7c5a2ae,Tanner Gordon,hits_allowed,6.5,114,-170,1.12,0.84,0.4672897196261682,0.6296296296296297,0.4260018933417482,2026-08-31T16:22:02Z,2026-08-31T16:22:02Z,143607,BAL @ COL,2026-09-01T00:40:00Z,scheduled,False,active
2026-08-31T18:32:28.817702+00:00,73a46b44-c4a5-47be-94a2-0cd2c0b3a028,8b12709b-3cfe-427b-a390-03819aafb70a,d8ab0bfb-4b52-463d-bb18-b7c054e48796,Anthony Molina,hits_allowed,3.5,-159,106,0.86,1.11,0.6138996138996139,0.4854368932038835,0.558427387731442,2026-08-31T15:49:03Z,2026-08-31T15:49:03Z,144511,SF @ ATL,2026-08-31T22:05:00Z,scheduled,False,active
2026-08-31T18:32:28.817702+00:00,d5ef7756-8588-444b-be0a-a4f686dce941,79e9eec9-672b-49d9-8aef-43b6d6258617,0ddea7be-0444-4d6f-a08b-97f13703821e,Payton Tolle,hits_allowed,4.5,-107,-139,1.05,0.91,0.5169082125603864,0.5815899581589958,0.47055901078276224,2026-08-31T16:13:03Z,2026-08-31T16:13:03Z,144061,SEA @ BOS,2026-08-31T22:45:00Z,scheduled,False,active
2026-08-31T18:32:28.817702+00:00,e60d8949-e2d1-4bf5-8b12-0d05c563859f,82606c63-6159-4775-b58d-7e1887cccd13,b20df332-5bcf-4960-8301-c63eadae5944,Peter Lambert,hits_allowed,4.5,-139,-107,0.91,1.05,0.5815899581589958,0.5169082125603864,0.5294409892172377,2026-08-31T17:04:31Z,2026-08-31T17:04:31Z,143544,CWS @ HOU,2026-09-01T00:10:00Z,scheduled,False,active
2026-08-31T18:32:28.817702+00:00,ec3189b1-0619-4779-8976-e0789f510f4b,fe1aa5e6-da81-4b89-bc93-60fab51cb638,58d49cea-e36a-4a25-9980-b5a2988d46f9,Walbert Ureña,hits_allowed,4.5,-109,-137,1.05,0.94,0.5215311004784688,0.5780590717299579,0.47429589101457786,2026-08-31T12:58:13Z,2026-08-31T12:58:13Z,142712,NYY @ LAA,2026-09-01T01:38:00Z,scheduled,False,active
2026-08-31T18:32:28.817702+00:00,d97f3c86-15d1-4c4b-b2b6-103b3e52d3a7,4f7de87b-6478-4f2a-840b-5601acc5a833,3919c8cf-bd48-40e9-89b4-d9b220f8db5b,Gage Jump,hits_allowed,4.5,-117,-127,1.0,1.0,0.5391705069124424,0.5594713656387665,0.49076092982002295,2026-08-31T15:02:03Z,2026-08-31T15:02:03Z,144275,ATH @ TEX,2026-09-01T00:05:00Z,scheduled,False,active
2026-08-31T18:32:28.817702+00:00,30467d17-a439-495e-a8b0-0c02f62b95f2,78411f4a-e35b-4584-affa-c446d013c614,6c22ff70-0805-4cee-9153-b4c815db7197,Anthony Kay,hits_allowed,4.5,-159,108,0.86,1.12,0.6138996138996139,0.4807692307692308,0.5608085192972937,2026-08-31T18:07:24Z,2026-08-31T18:07:24Z,143544,CWS @ HOU,2026-09-01T00:10:00Z,scheduled,False,active
2026-08-31T18:32:28.817702+00:00,8ee16432-0d02-4688-b43e-9852d2d98d20,4e1e6b59-422e-441d-90fe-07f66c0a2624,a9212360-fbc2-4e0b-8bbc-34bf8829e8b1,Elmer Rodríguez,hits_allowed,4.5,-102,-148,1.08,0.89,0.504950495049505,0.5967741935483871,0.45832729381069726,2026-08-31T14:12:08Z,2026-08-31T14:12:09Z,142712,NYY @ LAA,2026-09-01T01:38:00Z,scheduled,False,active
2026-08-31T18:32:28.817702+00:00,e719a94d-b64c-4a36-a8bc-13338c2b66a6,eddb3b8c-8987-4689-b509-a794034a6738,46d24d84-b809-423a-8c1c-fbdbd28acd3d,Will Dion,hits_allowed,3.5,-141,-106,0.91,1.05,0.5850622406639004,0.5145631067961165,0.5320559788980072,2026-08-31T15:29:04Z,2026-08-31T15:29:04Z,144012,MIA @ WSH,2026-08-31T22:45:00Z,scheduled,False,active
2026-08-31T18:32:28.817702+00:00,c515787d-546d-4e83-811d-d0c23b6c3abe,5c39f113-44cc-4f29-9638-0e94d4bb85c2,16a0e87b-344b-4e95-bbd4-bf6356a29cda,Robert Stock,hits_allowed,4.5,-148,100,0.89,1.08,0.5967741935483871,0.5,0.5441176470588236,2026-08-31T17:41:18Z,2026-08-31T17:41:18Z,142703,NYM @ TB,2026-08-31T22:40:00Z,scheduled,False,active
2026-08-31T18:32:28.817702+00:00,c71c786f-7aeb-4698-9299-26f8ec792c68,0eb001f3-7355-4678-b6aa-ea3477da7338,b7859538-286d-4bab-841d-767601a20bf4,Ian Seymour,hits_allowed,4.5,-107,-139,1.05,0.91,0.5169082125603864,0.5815899581589958,0.47055901078276224,2026-08-31T16:56:31Z,2026-08-31T16:56:31Z,142703,NYM @ TB,2026-08-31T22:40:00Z,scheduled,False,active
