poll_at,over_under_id,projection_id,player_id,pitcher,stat_type,line,over_american,under_american,over_payout_multiplier,under_payout_multiplier,p_over_implied,p_under_implied,p_market,over_updated_at,under_updated_at,game_id,game_title,start_time,game_status,live_event,status
2026-09-05T05:10:55.939594+00:00,1376870b-8679-4ad3-abf4-b0168e409eed,8c76e331-61e9-4aed-a440-4f12415f43b5,ca0ae197-16b0-458c-b965-1ff0820bb8d2,Zack Wheeler,strikeouts,6.5,-127,-107,1.0,1.0,0.5594713656387665,0.5169082125603864,0.519771442128989,2026-09-05T01:46:09Z,2026-09-05T01:46:09Z,142671,ATL @ PHI,2026-09-05T22:05:00Z,scheduled,False,active
2026-09-05T05:10:55.939594+00:00,80706f14-836c-4db6-8247-ed7b52020f56,921352c5-9ccd-40f8-ae13-20347347a49a,8efbb831-7fbf-41ca-aafe-9847bb41c8fb,Jacob deGrom,strikeouts,5.5,-112,-122,1.0,1.0,0.5283018867924528,0.5495495495495496,0.4901435104873048,2026-09-05T03:22:27Z,2026-09-05T03:22:27Z,143014,TB @ TEX,2026-09-05T23:05:00Z,scheduled,False,active
2026-09-05T05:10:55.939594+00:00,5409ca67-0289-4cc0-ba19-40261f67cb76,573bc537-c705-469c-b9a9-79d01c1b0d81,a9054cdf-a94e-4749-aff4-5c7cbee31c25,Carlos Rodón,strikeouts,5.5,119,-162,1.12,0.84,0.45662100456621,0.6183206106870229,0.4247867959402056,2026-09-05T02:44:49Z,2026-09-05T02:44:49Z,142883,NYY @ SD,2026-09-05T23:15:00Z,scheduled,False,active
2026-09-05T05:10:55.939594+00:00,339febee-a327-4246-8aba-23fa129bda27,7e9ca91c-545f-428f-a17d-5ab4dc1ad15a,7b64d401-b3a9-4545-ab49-31803530f9be,Framber Valdez,strikeouts,3.5,-115,-115,1.0,1.0,0.5348837209302325,0.5348837209302325,0.5,2026-09-05T03:01:03Z,2026-09-05T03:01:03Z,144436,DET @ CLE,2026-09-05T22:10:00Z,scheduled,False,active
2026-09-05T05:10:55.939594+00:00,68ca9ad9-6564-4b16-96b2-272bcee07257,07336d96-fd72-4048-bc8c-493076a65d8b,051061cf-f985-4ee9-8cac-127e20565b4a,Robbie Ray,strikeouts,5.5,-114,-120,1.0,1.0,0.5327102803738317,0.5454545454545454,0.4940898345153664,2026-09-05T03:13:16Z,2026-09-05T03:13:16Z,142883,NYY @ SD,2026-09-05T23:15:00Z,scheduled,False,active
2026-09-05T05:10:55.939594+00:00,a11856ab-aaf9-4b4a-af49-5e3e6a7c8202,80ffaf79-c39c-44a8-99bc-052898ad3242,5d29bea7-9ef3-4eca-b366-983fe5b31fd9,Dustin May,strikeouts,5.5,111,-152,1.11,0.86,0.47393364928909953,0.6031746031746031,0.44000558737253803,2026-09-05T02:40:03Z,2026-09-05T02:40:03Z,144066,MIL @ CIN,2026-09-05T22:40:00Z,scheduled,False,active
2026-09-05T05:10:55.939594+00:00,c366e7c8-c2d7-44f7-8fa6-191757a20580,53f9bc89-0367-41fa-b268-7be930c7c2be,db70abb4-834d-42da-a164-25ba01c9b9a7,Sonny Gray,strikeouts,5.5,-141,104,0.89,1.08,0.5850622406639004,0.49019607843137253,0.544113196125908,2026-09-05T03:08:03Z,2026-09-05T03:08:03Z,142861,BOS @ BAL,2026-09-05T23:05:00Z,scheduled,False,active
2026-09-05T05:10:55.939594+00:00,4d7052f8-b8a2-4ddb-a87d-891bb01f0dfe,305a87b8-e1a0-4976-a588-9701abef96d1,80c1b8b7-3705-44e7-a3d1-65014950b727,Yusei Kikuchi,strikeouts,5.5,-148,109,0.87,1.1,0.5967741935483871,0.4784688995215311,0.5550132778296132,2026-09-05T04:26:44Z,2026-09-05T04:26:44Z,144399,LAA @ PIT,2026-09-05T22:40:00Z,scheduled,False,active
2026-09-05T05:10:55.939594+00:00,e4284d7e-de8a-4893-a709-8c29e4cbc677,5e3b9f67-7540-4d63-8735-8772e70e4a7c,6478f785-3f47-49a2-bc6d-a425c72ac23e,Andrew Abbott,strikeouts,3.5,-130,-105,0.94,1.05,0.5652173913043478,0.5121951219512195,0.5246062992125985,2026-09-05T01:57:49Z,2026-09-05T01:57:49Z,144066,MIL @ CIN,2026-09-05T22:40:00Z,scheduled,False,active
2026-09-05T05:10:55.939594+00:00,cb79e4f1-737d-425a-b884-b19c66dcccc9,59981f53-a597-4255-8835-08294a471256,e79a82da-9f28-4eeb-b374-f3adf82488b3,Chris Bassitt,strikeouts,4.5,124,-167,1.14,0.82,0.44642857142857145,0.6254681647940075,0.41648468209895806,2026-09-05T03:08:03Z,2026-09-05T03:08:03Z,142861,BOS @ BAL,2026-09-05T23:05:00Z,scheduled,False,active
2026-09-05T05:10:55.939594+00:00,3326904e-bc3e-45a7-adfb-27a9161a34de,ffa07b9f-91e5-4a5c-b57d-9d8c9f1a7ea3,87f7e9c7-de24-4a5f-bba5-ffaaa9871e1d,Seth Lugo,strikeouts,3.5,126,-167,1.16,0.83,0.4424778761061947,0.6254681647940075,0.4143260606436796,2026-09-05T04:09:27Z,2026-09-05T02:39:20Z,143171,TOR @ KC,2026-09-05T23:10:00Z,scheduled,False,active
2026-09-05T05:10:55.939594+00:00,7bf5c999-a787-4c7e-8405-b58985fc8242,57c965fa-7998-4dec-8716-ddd299bfa9ef,e9210ddb-c752-4f1d-90e7-6b25829bb812,Tyler Glasnow,strikeouts,7.5,116,-157,1.1,0.85,0.46296296296296297,0.6108949416342413,0.4311212507548815,2026-09-05T04:44:55Z,2026-09-05T04:44:55Z,143706,WSH @ LAD,2026-09-06T01:10:00Z,scheduled,False,active
2026-09-05T05:10:55.939594+00:00,ea20e6a0-568e-4faa-b518-a9b5b0c59764,d3791fba-42e2-4849-a3e4-5082018fd80c,d713be3b-ef28-4438-b269-9f1680350112,Brandon Pfaadt,strikeouts,4.5,-109,-124,1.0,1.0,0.5215311004784688,0.5535714285714286,0.48509894301835804,2026-09-05T03:55:47Z,2026-09-05T03:55:47Z,144479,AZ @ HOU,2026-09-05T23:15:00Z,scheduled,False,active
2026-09-05T05:10:55.939594+00:00,5a6f2f97-c4a8-43fb-96bd-c8af1981a0db,e837ca88-b8f5-471a-8a7f-d896c8069494,96e59343-f6f6-4f31-a8d8-2ccaadb641ea,Taj Bradley,strikeouts,6.5,-117,-115,1.0,1.0,0.5391705069124424,0.5348837209302325,0.5019956096587508,2026-09-05T03:41:35Z,2026-09-05T03:41:35Z,143399,MIN @ CWS,2026-09-05T23:10:00Z,scheduled,False,active
2026-09-05T05:10:55.939594+00:00,424c4ae3-98aa-4ec9-90e7-5cc5d199d97c,dd361fd6-d1f0-4503-9fed-ee7d7df42be3,e8fe5be7-a748-4ed5-8c5c-86c8996e60dd,Drew Rasmussen,strikeouts,5.5,-124,-109,1.0,1.0,0.5535714285714286,0.5215311004784688,0.5149010569816419,2026-09-05T02:45:03Z,2026-09-05T02:45:03Z,143014,TB @ TEX,2026-09-05T23:05:00Z,scheduled,False,active
2026-09-05T05:10:55.939594+00:00,f228b20e-c452-4537-88de-01fddae7628e,ed4f3eec-4323-45b8-b8ec-495c81db742d,b3fbad18-741d-44be-9ccd-b4f0833a843d,Max Scherzer,strikeouts,3.5,-157,115,0.85,1.1,0.6108949416342413,0.46511627906976744,0.567740307795812,2026-09-05T03:48:04Z,2026-09-05T03:48:04Z,143171,TOR @ KC,2026-09-05T23:10:00Z,scheduled,False,active
2026-09-05T05:10:55.939594+00:00,30459bb2-6aac-49d0-b48b-db5d85f909c1,418f7793-5b16-4b40-8a07-baf39bb2db0f,1780ec99-888d-47c8-87aa-a09447544fd1,Ryan Gusto,strikeouts,3.5,-157,115,0.85,1.1,0.6108949416342413,0.46511627906976744,0.567740307795812,2026-09-05T04:29:16Z,2026-09-05T04:29:16Z,143249,CHC @ MIA,2026-09-05T20:10:00Z,scheduled,False,active
2026-09-05T05:10:55.939594+00:00,d4a7f780-ec30-438a-ad0c-3077aa0d2d30,5d192b30-75fd-4a11-bf30-4d32f0079078,611e5310-c577-43b7-9cd4-d2e7163e625c,Martín Pérez,strikeouts,3.5,101,-137,1.06,0.9,0.4975124378109453,0.5780590717299579,0.4625563557585339,2026-09-05T03:08:49Z,2026-09-05T03:08:49Z,142671,ATL @ PHI,2026-09-05T22:05:00Z,scheduled,False,active
2026-09-05T05:10:55.939594+00:00,203f9df9-4300-48f0-b0f4-d90d5b9773a0,99704211-572a-4143-ac6f-9310ef13cab6,92ea1a11-e075-4dfc-868e-413eba1b6139,Cade Cavalli,strikeouts,5.5,109,-148,1.1,0.87,0.4784688995215311,0.5967741935483871,0.4449867221703869,2026-09-05T04:48:11Z,2026-09-05T04:48:11Z,143706,WSH @ LAD,2026-09-06T01:10:00Z,scheduled,False,active
2026-09-05T05:10:55.939594+00:00,e69a18f1-373c-4c05-8d01-bc38b018930f,309a1fa5-23bd-468d-8552-2a099d654e3a,dfa7a120-7f4e-4c56-b4a4-fe82f157cffe,Braxton Ashcraft,strikeouts,5.5,-134,-102,0.91,1.05,0.5726495726495726,0.504950495049505,0.5314119679597926,2026-09-05T04:22:51Z,2026-09-05T04:22:51Z,144399,LAA @ PIT,2026-09-05T22:40:00Z,scheduled,False,active
2026-09-05T05:10:55.939594+00:00,c845d0ac-1116-4e8f-bc09-d2380deb22ed,53605b3e-ff36-4397-8850-25c0a417a5e1,4e3da87f-4e41-4f1b-bfb9-f426cdb9cc74,Javier Assad,strikeouts,3.5,107,-145,1.09,0.88,0.4830917874396135,0.5918367346938775,0.4494175914885811,2026-09-05T04:29:27Z,2026-09-05T04:29:27Z,143249,CHC @ MIA,2026-09-05T20:10:00Z,scheduled,False,active
2026-09-05T05:10:55.939594+00:00,df2b40b0-fc3a-431b-afc3-275f370d4721,2d411bc8-891b-4472-a7b4-868f4a580619,6e64b0e7-90bc-40e1-a837-a81cd48621f9,Parker Messick,strikeouts,6.5,105,-143,1.09,0.88,0.4878048780487805,0.588477366255144,0.4532313718175883,2026-09-05T02:57:03Z,2026-09-05T02:57:03Z,144436,DET @ CLE,2026-09-05T22:10:00Z,scheduled,False,active
2026-09-05T05:10:55.939594+00:00,a1e5baa6-efe0-4a24-8fce-9e04267d3cdb,63e58581-73cb-40fa-8db0-c34fe8dabaa1,d8ab0bfb-4b52-463d-bb18-b7c054e48796,Anthony Molina,strikeouts,3.5,112,-152,1.11,0.86,0.4716981132075472,0.6031746031746031,0.4388409027584286,2026-09-05T03:52:02Z,2026-09-05T03:52:02Z,142349,SF @ NYM,2026-09-05T20:10:00Z,scheduled,False,active
2026-09-05T05:10:55.939594+00:00,8cbe1ba0-dae4-4168-9158-3c88752a7b63,cda79ecd-0155-487b-8472-e32b83b69cfb,7ff96924-4a77-44af-8563-efabc42683c8,Zac Thornton,strikeouts,4.5,-120,-114,1.0,1.0,0.5454545454545454,0.5327102803738317,0.5059101654846335,2026-09-05T05:04:02Z,2026-09-05T05:04:02Z,142349,SF @ NYM,2026-09-05T20:10:00Z,scheduled,False,active
2026-09-05T05:10:55.939594+00:00,6c02283c-918e-489a-8ada-e1e013d70bab,aeef4f4e-c1a5-407e-96cf-8d08b59dde13,6c22ff70-0805-4cee-9153-b4c815db7197,Anthony Kay,strikeouts,3.5,-109,-124,1.0,1.0,0.5215311004784688,0.5535714285714286,0.48509894301835804,2026-09-05T03:55:28Z,2026-09-05T03:55:28Z,143399,MIN @ CWS,2026-09-05T23:10:00Z,scheduled,False,active
2026-09-05T05:10:55.939594+00:00,1acf84f2-9bf2-4c06-a57a-1facb73a4c38,bf7b3e11-763c-4f04-b4b8-709db8415b92,861547c6-0433-4120-88f0-247aeb6bcc2a,Ethan Pecko,strikeouts,4.5,118,-162,1.12,0.84,0.45871559633027525,0.6183206106870229,0.42590545549125436,2026-09-05T03:19:03Z,2026-09-05T03:19:03Z,144479,AZ @ HOU,2026-09-05T23:15:00Z,scheduled,False,active
2026-09-05T05:10:55.939594+00:00,19424c86-f825-4a62-9133-6819f81a1f74,be2d95e5-1bf4-4501-99e3-c28f83a7bfb3,ca0ae197-16b0-458c-b965-1ff0820bb8d2,Zack Wheeler,pitch_outs,17.5,-173,128,0.81,1.17,0.6336996336996337,0.43859649122807015,0.5909744696152462,2026-09-05T02:40:03Z,2026-09-05T02:40:03Z,142671,ATL @ PHI,2026-09-05T22:05:00Z,scheduled,False,active
2026-09-05T05:10:55.939594+00:00,219f5b40-4fee-4327-bee9-11f564479405,ef38d2d3-b367-4af9-8599-0a84055512b5,8efbb831-7fbf-41ca-aafe-9847bb41c8fb,Jacob deGrom,pitch_outs,16.5,-125,-109,1.0,1.0,0.5555555555555556,0.5215311004784688,0.5157946692991116,2026-09-05T02:45:03Z,2026-09-05T02:45:03Z,143014,TB @ TEX,2026-09-05T23:05:00Z,scheduled,False,active
2026-09-05T05:10:55.939594+00:00,2f336655-3baa-4844-afd2-84fae0e57f8c,752b065e-585a-4b25-9cf4-3fe92e4c9609,7b64d401-b3a9-4545-ab49-31803530f9be,Framber Valdez,pitch_outs,16.5,-130,-104,0.94,1.05,0.5652173913043478,0.5098039215686274,0.5257731958762887,2026-09-05T02:57:03Z,2026-09-05T02:57:03Z,144436,DET @ CLE,2026-09-05T22:10:00Z,scheduled,False,active
2026-09-05T05:10:55.939594+00:00,992eff9b-9013-4f17-8c20-e54606579a84,7ea41ef8-bb21-452b-bf64-370613bea020,5d29bea7-9ef3-4eca-b366-983fe5b31fd9,Dustin May,pitch_outs,15.5,106,-143,1.08,0.88,0.4854368932038835,0.588477366255144,0.4520257450053946,2026-09-05T02:40:03Z,2026-09-05T02:40:03Z,144066,MIL @ CIN,2026-09-05T22:40:00Z,scheduled,False,active
2026-09-05T05:10:55.939594+00:00,1e1fc89b-38e7-4274-af33-1d43ad41b223,1ce10d53-5e64-4fce-99ab-33d81fdb9be4,051061cf-f985-4ee9-8cac-127e20565b4a,Robbie Ray,pitch_outs,15.5,-118,-115,1.0,1.0,0.5412844036697247,0.5348837209302325,0.5029738302934179,2026-09-05T02:44:47Z,2026-09-05T02:44:47Z,142883,NYY @ SD,2026-09-05T23:15:00Z,scheduled,False,active
2026-09-05T05:10:55.939594+00:00,ffbf0f22-622f-4934-a839-12f13c1900cc,6559e020-9b31-4e02-a1d0-ad2a502d3ecc,a9054cdf-a94e-4749-aff4-5c7cbee31c25,Carlos Rodón,pitch_outs,15.5,125,-170,1.15,0.82,0.4444444444444444,0.6296296296296297,0.41379310344827586,2026-09-05T02:44:49Z,2026-09-05T02:44:49Z,142883,NYY @ SD,2026-09-05T23:15:00Z,scheduled,False,active
2026-09-05T05:10:55.939594+00:00,ba7ebb24-449a-4c29-a85f-52ebff92c5ec,39e857f6-2ed8-4db9-b467-40432a263c1e,db70abb4-834d-42da-a164-25ba01c9b9a7,Sonny Gray,pitch_outs,17.5,-125,-108,1.0,1.0,0.5555555555555556,0.5192307692307693,0.5168986083499005,2026-09-05T02:35:22Z,2026-09-05T02:35:22Z,142861,BOS @ BAL,2026-09-05T23:05:00Z,scheduled,False,active
2026-09-05T05:10:55.939594+00:00,2a536552-3020-470c-b076-48809f0e8a9b,602ebeef-6e02-4f32-b2e0-d2ece7aba845,80c1b8b7-3705-44e7-a3d1-65014950b727,Yusei Kikuchi,pitch_outs,15.5,100,-136,1.06,0.9,0.5,0.576271186440678,0.4645669291338583,2026-09-05T04:22:50Z,2026-09-05T04:22:50Z,144399,LAA @ PIT,2026-09-05T22:40:00Z,scheduled,False,active
2026-09-05T05:10:55.939594+00:00,7bdef25f-51e1-4a43-b3a3-13260bda46ab,5b11dcbd-3174-4548-8d6f-2a08116597e7,6478f785-3f47-49a2-bc6d-a425c72ac23e,Andrew Abbott,pitch_outs,14.5,-157,116,0.85,1.1,0.6108949416342413,0.46296296296296297,0.5688787492451184,2026-09-05T02:40:03Z,2026-09-05T02:40:03Z,144066,MIL @ CIN,2026-09-05T22:40:00Z,scheduled,False,active
2026-09-05T05:10:55.939594+00:00,7bff0656-d662-48b6-85b7-012374ad55a3,40252937-6ca1-4561-8597-8ab07aaf66b3,e79a82da-9f28-4eeb-b374-f3adf82488b3,Chris Bassitt,pitch_outs,15.5,112,-152,1.12,0.86,0.4716981132075472,0.6031746031746031,0.4388409027584286,2026-09-05T03:08:02Z,2026-09-05T03:08:02Z,142861,BOS @ BAL,2026-09-05T23:05:00Z,scheduled,False,active
2026-09-05T05:10:55.939594+00:00,12475b71-9207-4239-949f-409e08da2071,7be0d635-088d-41a8-8b00-e31ffb70cc2c,87f7e9c7-de24-4a5f-bba5-ffaaa9871e1d,Seth Lugo,pitch_outs,17.5,-121,-113,1.0,1.0,0.5475113122171946,0.5305164319248826,0.5078823946715012,2026-09-05T02:39:21Z,2026-09-05T02:39:21Z,143171,TOR @ KC,2026-09-05T23:10:00Z,scheduled,False,active
2026-09-05T05:10:55.939594+00:00,dd0e02f5-8430-492d-8cba-871c9d00500f,d61b181d-bbe8-49d4-8f45-9b9107c78acd,e9210ddb-c752-4f1d-90e7-6b25829bb812,Tyler Glasnow,pitch_outs,17.5,-167,122,0.83,1.14,0.6254681647940075,0.45045045045045046,0.5813340859911562,2026-09-05T04:44:57Z,2026-09-05T04:44:57Z,143706,WSH @ LAD,2026-09-06T01:10:00Z,scheduled,False,active
2026-09-05T05:10:55.939594+00:00,c73c1434-fe28-4c44-b1aa-157b1c85eec4,dcc7992d-2b40-46e5-babb-7949735d0127,d713be3b-ef28-4438-b269-9f1680350112,Brandon Pfaadt,pitch_outs,17.5,-159,118,0.84,1.11,0.6138996138996139,0.45871559633027525,0.5723390905188072,2026-09-05T03:14:01Z,2026-09-05T03:14:01Z,144479,AZ @ HOU,2026-09-05T23:15:00Z,scheduled,False,active
2026-09-05T05:10:55.939594+00:00,ae2e4f4e-38e5-49c0-b440-e2565b833d53,047bae76-4a5e-456d-9e17-fdba03547870,96e59343-f6f6-4f31-a8d8-2ccaadb641ea,Taj Bradley,pitch_outs,17.5,-154,113,0.86,1.12,0.6062992125984252,0.4694835680751174,0.5635888801072129,2026-09-05T03:41:35Z,2026-09-05T03:41:35Z,143399,MIN @ CWS,2026-09-05T23:10:00Z,scheduled,False,active
2026-09-05T05:10:55.939594+00:00,b330dad5-f10e-4a7c-99bd-3bfd334568fc,5780eb76-3d36-4fdd-915c-e092f0253cb0,e8fe5be7-a748-4ed5-8c5c-86c8996e60dd,Drew Rasmussen,pitch_outs,17.5,-143,106,0.88,1.08,0.588477366255144,0.4854368932038835,0.5479742549946055,2026-09-05T02:45:03Z,2026-09-05T02:45:03Z,143014,TB @ TEX,2026-09-05T23:05:00Z,scheduled,False,active
2026-09-05T05:10:55.939594+00:00,3c0f5459-8ccd-46ba-9b76-33a5cbeda16b,79b910ca-ed1c-46aa-a233-563d2a65a200,b3fbad18-741d-44be-9ccd-b4f0833a843d,Max Scherzer,pitch_outs,16.5,100,-136,1.06,0.9,0.5,0.576271186440678,0.4645669291338583,2026-09-05T04:07:28Z,2026-09-05T04:07:28Z,143171,TOR @ KC,2026-09-05T23:10:00Z,scheduled,False,active
2026-09-05T05:10:55.939594+00:00,8e9cc318-3a8a-4466-9b94-3aa672f80180,c4cb1523-2a86-481b-b2d1-1bd0317939c4,1780ec99-888d-47c8-87aa-a09447544fd1,Ryan Gusto,pitch_outs,14.5,-105,-130,1.05,0.94,0.5121951219512195,0.5652173913043478,0.4753937007874017,2026-09-05T04:29:27Z,2026-09-05T04:29:27Z,143249,CHC @ MIA,2026-09-05T20:10:00Z,scheduled,False,active
2026-09-05T05:10:55.939594+00:00,3a14f650-debb-4ff9-b82d-8fe96c63128b,4e95d29a-8abd-48be-92bc-c917d055ec7f,92ea1a11-e075-4dfc-868e-413eba1b6139,Cade Cavalli,pitch_outs,15.5,110,-150,1.1,0.87,0.47619047619047616,0.6,0.4424778761061947,2026-09-05T04:48:11Z,2026-09-05T04:48:11Z,143706,WSH @ LAD,2026-09-06T01:10:00Z,scheduled,False,active
2026-09-05T05:10:55.939594+00:00,8b1889b5-c3db-4135-b85b-7b56cf5d9560,73b1d593-4aab-4345-b815-2fddaa59dd7d,611e5310-c577-43b7-9cd4-d2e7163e625c,Martín Pérez,pitch_outs,14.5,-150,111,0.86,1.11,0.6,0.47393364928909953,0.5586937334510149,2026-09-05T02:40:03Z,2026-09-05T02:40:03Z,142671,ATL @ PHI,2026-09-05T22:05:00Z,scheduled,False,active
2026-09-05T05:10:55.939594+00:00,eafb191b-c8b1-40c4-8a5f-84011e981714,5658796a-192f-4576-95d9-8b3684b13dae,dfa7a120-7f4e-4c56-b4a4-fe82f157cffe,Braxton Ashcraft,pitch_outs,16.5,-122,-112,1.0,1.0,0.5495495495495496,0.5283018867924528,0.5098564895126951,2026-09-05T04:22:52Z,2026-09-05T04:22:52Z,144399,LAA @ PIT,2026-09-05T22:40:00Z,scheduled,False,active
2026-09-05T05:10:55.939594+00:00,2b5737b8-90f3-4d0a-ba83-e45d0cd15732,b7373203-bf22-4ab9-9af9-75ab50c0115f,4e3da87f-4e41-4f1b-bfb9-f426cdb9cc74,Javier Assad,pitch_outs,14.5,-130,-105,0.95,1.04,0.5652173913043478,0.5121951219512195,0.5246062992125985,2026-09-05T04:29:32Z,2026-09-05T04:29:32Z,143249,CHC @ MIA,2026-09-05T20:10:00Z,scheduled,False,active
2026-09-05T05:10:55.939594+00:00,0c00058b-0137-4b7b-963a-bc67b5a9fa85,98333fa5-0f4c-4a35-9f40-1efe93ed9cd1,6e64b0e7-90bc-40e1-a837-a81cd48621f9,Parker Messick,pitch_outs,18.5,136,-186,1.17,0.8,0.423728813559322,0.6503496503496503,0.39450452438755246,2026-09-05T02:57:03Z,2026-09-05T02:57:03Z,144436,DET @ CLE,2026-09-05T22:10:00Z,scheduled,False,active
2026-09-05T05:10:55.939594+00:00,b4db4e41-5512-47cb-8a5e-3e7a36c6b6ac,0f005eb1-85e9-4f5a-b328-fc95cc0e5749,d8ab0bfb-4b52-463d-bb18-b7c054e48796,Anthony Molina,pitch_outs,14.5,-114,-120,1.0,1.0,0.5327102803738317,0.5454545454545454,0.4940898345153664,2026-09-05T03:52:03Z,2026-09-05T03:52:03Z,142349,SF @ NYM,2026-09-05T20:10:00Z,scheduled,False,active
2026-09-05T05:10:55.939594+00:00,c833c562-a9d2-4c45-a367-b45e4cc91e23,74f79932-5ddf-41a5-88a0-f17aa9beb27d,6c22ff70-0805-4cee-9153-b4c815db7197,Anthony Kay,pitch_outs,15.5,136,-186,1.17,0.8,0.423728813559322,0.6503496503496503,0.39450452438755246,2026-09-05T03:39:55Z,2026-09-05T03:39:55Z,143399,MIN @ CWS,2026-09-05T23:10:00Z,scheduled,False,active
2026-09-05T05:10:55.939594+00:00,8d2ae99b-3122-46da-879f-3c3f1d7e47f1,4e658216-3644-492b-afbd-a02b81378e18,861547c6-0433-4120-88f0-247aeb6bcc2a,Ethan Pecko,pitch_outs,14.5,-157,116,0.85,1.1,0.6108949416342413,0.46296296296296297,0.5688787492451184,2026-09-05T03:14:08Z,2026-09-05T03:14:08Z,144479,AZ @ HOU,2026-09-05T23:15:00Z,scheduled,False,active
2026-09-05T05:10:55.939594+00:00,a4beb06d-5925-4efb-966d-4d9bb05e7d45,327dbd29-f12c-474c-baba-06a08b9779da,7ff96924-4a77-44af-8563-efabc42683c8,Zac Thornton,pitch_outs,16.5,-136,100,0.91,1.05,0.576271186440678,0.5,0.5354330708661418,2026-09-05T05:07:03Z,2026-09-05T05:07:03Z,142349,SF @ NYM,2026-09-05T20:10:00Z,scheduled,False,active
2026-09-05T05:10:55.939594+00:00,cf7813e0-3f39-4998-8fe3-2daea13832c6,f2d664ae-f5e7-4e78-a0f1-a4ce969d00e6,ca0ae197-16b0-458c-b965-1ff0820bb8d2,Zack Wheeler,runs_allowed,1.5,-173,127,0.81,1.16,0.6336996336996337,0.44052863436123346,0.589911523035556,2026-09-05T01:43:35Z,2026-09-05T01:43:35Z,142671,ATL @ PHI,2026-09-05T22:05:00Z,scheduled,False,active
2026-09-05T05:10:55.939594+00:00,7f215dfc-aa4d-415d-818c-e56fbda22eaf,06f6ccc3-5ad9-453f-849b-e0f56befe8df,5d29bea7-9ef3-4eca-b366-983fe5b31fd9,Dustin May,runs_allowed,2.5,124,-167,1.14,0.82,0.44642857142857145,0.6254681647940075,0.41648468209895806,2026-09-05T01:57:50Z,2026-09-05T01:57:50Z,144066,MIL @ CIN,2026-09-05T22:40:00Z,scheduled,False,active
2026-09-05T05:10:55.939594+00:00,953729c4-6027-49ea-bb0b-ead3ceb16d86,2c711f10-2cac-4ad2-9454-8102b219a2de,051061cf-f985-4ee9-8cac-127e20565b4a,Robbie Ray,runs_allowed,2.5,-104,-132,1.05,0.92,0.5098039215686274,0.5689655172413793,0.4725791287997492,2026-09-05T02:44:47Z,2026-09-05T02:44:47Z,142883,NYY @ SD,2026-09-05T23:15:00Z,scheduled,False,active
2026-09-05T05:10:55.939594+00:00,c4260cb9-31e3-4dac-ab76-01035400bc34,c440ad3f-c022-4973-8222-4d7eb866f770,7b64d401-b3a9-4545-ab49-31803530f9be,Framber Valdez,runs_allowed,2.5,-112,-122,1.0,1.0,0.5283018867924528,0.5495495495495496,0.4901435104873048,2026-09-05T04:37:38Z,2026-09-05T04:37:38Z,144436,DET @ CLE,2026-09-05T22:10:00Z,scheduled,False,active
2026-09-05T05:10:55.939594+00:00,155ed135-204b-45ca-bc69-3cbb92176eb0,6f7baab2-4c69-404a-98c1-bcb8eeeb4429,8efbb831-7fbf-41ca-aafe-9847bb41c8fb,Jacob deGrom,runs_allowed,1.5,-150,110,0.87,1.1,0.6,0.47619047619047616,0.5575221238938053,2026-09-05T02:44:49Z,2026-09-05T02:44:49Z,143014,TB @ TEX,2026-09-05T23:05:00Z,scheduled,False,active
2026-09-05T05:10:55.939594+00:00,865f1641-cc83-476b-8c50-c6915e7e7dfd,a5c47881-81fb-4baa-857b-b7dede55c19b,a9054cdf-a94e-4749-aff4-5c7cbee31c25,Carlos Rodón,runs_allowed,2.5,120,-162,1.12,0.83,0.45454545454545453,0.6183206106870229,0.42367399741267786,2026-09-05T02:44:49Z,2026-09-05T02:44:49Z,142883,NYY @ SD,2026-09-05T23:15:00Z,scheduled,False,active
2026-09-05T05:10:55.939594+00:00,d39b5f82-a7cf-4768-9019-5815e65d60a3,ada29b63-df42-4b87-b62f-f822906335d2,80c1b8b7-3705-44e7-a3d1-65014950b727,Yusei Kikuchi,runs_allowed,2.5,-115,-117,1.0,1.0,0.5348837209302325,0.5391705069124424,0.49800439034124927,2026-09-05T04:22:50Z,2026-09-05T04:22:50Z,144399,LAA @ PIT,2026-09-05T22:40:00Z,scheduled,False,active
2026-09-05T05:10:55.939594+00:00,ecb4305d-9ba7-4ea9-9b33-bc891df7db1c,7fd4f0c8-2cdb-4f50-9655-799438936bae,db70abb4-834d-42da-a164-25ba01c9b9a7,Sonny Gray,runs_allowed,2.5,118,-159,1.11,0.84,0.45871559633027525,0.6138996138996139,0.42766090948119284,2026-09-05T02:35:22Z,2026-09-05T02:35:22Z,142861,BOS @ BAL,2026-09-05T23:05:00Z,scheduled,False,active
2026-09-05T05:10:55.939594+00:00,083f7a38-70f7-420d-ba78-e6a895fcf6a9,afd267e9-8994-4365-82af-f3077b7015ab,6478f785-3f47-49a2-bc6d-a425c72ac23e,Andrew Abbott,runs_allowed,2.5,-143,105,0.88,1.09,0.588477366255144,0.4878048780487805,0.5467686281824116,2026-09-05T04:15:48Z,2026-09-05T03:51:58Z,144066,MIL @ CIN,2026-09-05T22:40:00Z,scheduled,False,active
2026-09-05T05:10:55.939594+00:00,d3a3ac4e-37df-45fd-b665-ea51d9ddf7b1,2de1396f-7c6b-4fa4-8a82-69f0164f4cbd,e79a82da-9f28-4eeb-b374-f3adf82488b3,Chris Bassitt,runs_allowed,2.5,-105,-130,1.05,0.94,0.5121951219512195,0.5652173913043478,0.4753937007874017,2026-09-05T02:35:22Z,2026-09-05T02:35:22Z,142861,BOS @ BAL,2026-09-05T23:05:00Z,scheduled,False,active
2026-09-05T05:10:55.939594+00:00,741fd544-a1e8-42f9-9197-4c871c7d4dd5,ad0eb230-dca4-4fb3-ad9d-8b09022b4d75,e9210ddb-c752-4f1d-90e7-6b25829bb812,Tyler Glasnow,runs_allowed,1.5,-145,107,0.88,1.09,0.5918367346938775,0.4830917874396135,0.5505824085114189,2026-09-05T04:44:56Z,2026-09-05T04:44:56Z,143706,WSH @ LAD,2026-09-06T01:10:00Z,scheduled,False,active
2026-09-05T05:10:55.939594+00:00,aae8169c-5e43-4147-b13f-139fad83d777,ab17fa2c-0fb3-423a-afd2-9fd700056b64,87f7e9c7-de24-4a5f-bba5-ffaaa9871e1d,Seth Lugo,runs_allowed,2.5,-137,101,0.9,1.06,0.5780590717299579,0.4975124378109453,0.5374436442414662,2026-09-05T04:08:41Z,2026-09-05T03:46:42Z,143171,TOR @ KC,2026-09-05T23:10:00Z,scheduled,False,active
2026-09-05T05:10:55.939594+00:00,11a44b05-c90f-43d4-b6ab-bbeff3793496,7147b5f2-afe4-467f-825b-33b3b9b36220,d713be3b-ef28-4438-b269-9f1680350112,Brandon Pfaadt,runs_allowed,2.5,-110,-124,1.0,1.0,0.5238095238095238,0.5535714285714286,0.4861878453038673,2026-09-05T03:14:00Z,2026-09-05T03:14:00Z,144479,AZ @ HOU,2026-09-05T23:15:00Z,scheduled,False,active
2026-09-05T05:10:55.939594+00:00,1bb3cb72-d3e9-441d-9c0d-a0ccbdafa60f,8b191158-4b85-488c-bd01-5a9c23073726,96e59343-f6f6-4f31-a8d8-2ccaadb641ea,Taj Bradley,runs_allowed,2.5,100,-136,1.05,0.91,0.5,0.576271186440678,0.4645669291338583,2026-09-05T03:41:35Z,2026-09-05T03:41:35Z,143399,MIN @ CWS,2026-09-05T23:10:00Z,scheduled,False,active
2026-09-05T05:10:55.939594+00:00,20b345d0-fa62-4d57-9e90-2494ae845684,2e2aa328-5b1f-4ffa-8bfc-e83ce157d8fc,e8fe5be7-a748-4ed5-8c5c-86c8996e60dd,Drew Rasmussen,runs_allowed,1.5,-159,120,0.84,1.12,0.6138996138996139,0.45454545454545453,0.5745729303547964,2026-09-05T02:44:45Z,2026-09-05T03:51:58Z,143014,TB @ TEX,2026-09-05T23:05:00Z,scheduled,False,active
2026-09-05T05:10:55.939594+00:00,fb59d092-3f42-4998-be28-c5de10290c08,303fa63d-83b8-4ad4-bc9c-03c8feaffa12,b3fbad18-741d-44be-9ccd-b4f0833a843d,Max Scherzer,runs_allowed,2.5,-121,-113,1.0,1.0,0.5475113122171946,0.5305164319248826,0.5078823946715012,2026-09-05T04:34:13Z,2026-09-05T04:34:13Z,143171,TOR @ KC,2026-09-05T23:10:00Z,scheduled,False,active
2026-09-05T05:10:55.939594+00:00,6ebb984e-1f94-4774-8f2e-f1d94391d482,9a4c3a18-1c23-4d02-b361-0da4f82e9aea,1780ec99-888d-47c8-87aa-a09447544fd1,Ryan Gusto,runs_allowed,2.5,123,-167,1.14,0.83,0.4484304932735426,0.6254681647940075,0.41757244960197687,2026-09-05T04:29:25Z,2026-09-05T04:29:25Z,143249,CHC @ MIA,2026-09-05T20:10:00Z,scheduled,False,active
2026-09-05T05:10:55.939594+00:00,fbc7d811-e87c-4baf-b2cd-738080e30088,2711ce14-524f-4289-9b98-24d6365d291f,611e5310-c577-43b7-9cd4-d2e7163e625c,Martín Pérez,runs_allowed,2.5,-113,-121,1.0,1.0,0.5305164319248826,0.5475113122171946,0.49211760532849874,2026-09-05T01:43:33Z,2026-09-05T01:43:33Z,142671,ATL @ PHI,2026-09-05T22:05:00Z,scheduled,False,active
2026-09-05T05:10:55.939594+00:00,4cc3536c-7a0c-4571-87aa-4fb307852392,3ba4e7c6-7723-40e0-8d62-94f54310f8c9,92ea1a11-e075-4dfc-868e-413eba1b6139,Cade Cavalli,runs_allowed,2.5,108,-148,1.09,0.87,0.4807692307692308,0.5967741935483871,0.44617156016119747,2026-09-05T04:48:11Z,2026-09-05T04:48:11Z,143706,WSH @ LAD,2026-09-06T01:10:00Z,scheduled,False,active
2026-09-05T05:10:55.939594+00:00,9fed04b1-9963-4939-b423-14dd86c0b324,3a5d9ccc-cd01-4d4f-8d2c-96999ae9b855,dfa7a120-7f4e-4c56-b4a4-fe82f157cffe,Braxton Ashcraft,runs_allowed,1.5,-112,-121,1.0,1.0,0.5283018867924528,0.5475113122171946,0.49107213713197356,2026-09-05T04:22:52Z,2026-09-05T04:22:52Z,144399,LAA @ PIT,2026-09-05T22:40:00Z,scheduled,False,active
2026-09-05T05:10:55.939594+00:00,14f0a522-7011-43ec-ac89-175beebcd071,bb47ea35-7d84-4688-9a67-c19f281de86a,4e3da87f-4e41-4f1b-bfb9-f426cdb9cc74,Javier Assad,runs_allowed,1.5,-143,106,0.88,1.08,0.588477366255144,0.4854368932038835,0.5479742549946055,2026-09-05T04:29:31Z,2026-09-05T04:29:31Z,143249,CHC @ MIA,2026-09-05T20:10:00Z,scheduled,False,active
2026-09-05T05:10:55.939594+00:00,222fd1ae-e76d-4b4f-8c4c-5074df86b173,784131f8-d823-4e30-beca-8847285307bd,6e64b0e7-90bc-40e1-a837-a81cd48621f9,Parker Messick,runs_allowed,1.5,-141,104,0.89,1.08,0.5850622406639004,0.49019607843137253,0.544113196125908,2026-09-05T03:48:08Z,2026-09-05T04:34:41Z,144436,DET @ CLE,2026-09-05T22:10:00Z,scheduled,False,active
2026-09-05T05:10:55.939594+00:00,5bd06e73-518d-472b-ada2-89b9388b9371,d788ffe1-669b-455a-869f-1376a44aa530,d8ab0bfb-4b52-463d-bb18-b7c054e48796,Anthony Molina,runs_allowed,2.5,-109,-125,1.0,1.0,0.5215311004784688,0.5555555555555556,0.4842053307008884,2026-09-05T03:52:03Z,2026-09-05T03:52:03Z,142349,SF @ NYM,2026-09-05T20:10:00Z,scheduled,False,active
2026-09-05T05:10:55.939594+00:00,c496a612-0d80-43f4-a35a-44523c34dd00,9f8ddd92-2ba0-4d63-b2f0-df908b453efc,7ff96924-4a77-44af-8563-efabc42683c8,Zac Thornton,runs_allowed,1.5,-148,108,0.87,1.09,0.5967741935483871,0.4807692307692308,0.5538284398388026,2026-09-05T03:52:09Z,2026-09-05T03:52:09Z,142349,SF @ NYM,2026-09-05T20:10:00Z,scheduled,False,active
2026-09-05T05:10:55.939594+00:00,deda1c91-ce02-4978-90b9-00ee2914c620,2888c10e-3461-4702-8212-6705f1be58ea,6c22ff70-0805-4cee-9153-b4c815db7197,Anthony Kay,runs_allowed,1.5,-176,131,0.81,1.15,0.6376811594202898,0.4329004329004329,0.5956399437412095,2026-09-05T04:48:11Z,2026-09-05T04:48:11Z,143399,MIN @ CWS,2026-09-05T23:10:00Z,scheduled,False,active
2026-09-05T05:10:55.939594+00:00,ba6dc625-427e-4f7a-962f-ab19e9c8b594,14c1f70b-fc6a-4715-bd7b-1d84028dd778,861547c6-0433-4120-88f0-247aeb6bcc2a,Ethan Pecko,runs_allowed,2.5,115,-157,1.1,0.85,0.46511627906976744,0.6108949416342413,0.43225969220418803,2026-09-05T03:14:08Z,2026-09-05T03:14:08Z,144479,AZ @ HOU,2026-09-05T23:15:00Z,scheduled,False,active
2026-09-05T05:10:55.939594+00:00,6998ec11-04d6-4239-a5f6-e808167b5d98,308963dc-52d4-4945-84bf-eed00f3deeb8,ca0ae197-16b0-458c-b965-1ff0820bb8d2,Zack Wheeler,walks_allowed,1.5,-137,112,0.88,1.09,0.5780590717299579,0.4716981132075472,0.5506597906870925,2026-09-05T01:43:37Z,2026-09-05T01:43:37Z,142671,ATL @ PHI,2026-09-05T22:05:00Z,scheduled,False,active
2026-09-05T05:10:55.939594+00:00,a428a873-526a-41ad-b569-bc3aa719f361,616536af-3f13-4083-b8bd-1b5caf88625c,051061cf-f985-4ee9-8cac-127e20565b4a,Robbie Ray,walks_allowed,2.5,114,-139,1.1,0.87,0.4672897196261682,0.5815899581589958,0.44551317898818177,2026-09-05T02:44:47Z,2026-09-05T02:44:47Z,142883,NYY @ SD,2026-09-05T23:15:00Z,scheduled,False,active
2026-09-05T05:10:55.939594+00:00,45a6ce3e-81eb-471e-8578-999fc0f89d0c,6efed925-5a9c-423e-bc96-81e32896dcd9,7b64d401-b3a9-4545-ab49-31803530f9be,Framber Valdez,walks_allowed,1.5,-182,147,0.79,1.2,0.6453900709219859,0.4048582995951417,0.614511851710091,2026-09-05T04:37:40Z,2026-09-05T04:37:40Z,144436,DET @ CLE,2026-09-05T22:10:00Z,scheduled,False,active
2026-09-05T05:10:55.939594+00:00,a9a732b8-6b22-4ae4-a448-b73e39ff4d5f,17dfdc08-6f82-4835-b9e4-a5c2596d7ce8,8efbb831-7fbf-41ca-aafe-9847bb41c8fb,Jacob deGrom,walks_allowed,1.5,108,-132,1.08,0.89,0.4807692307692308,0.5689655172413793,0.45799115603284907,2026-09-05T02:44:49Z,2026-09-05T02:44:49Z,143014,TB @ TEX,2026-09-05T23:05:00Z,scheduled,False,active
2026-09-05T05:10:55.939594+00:00,69af29a8-7309-4fd4-825d-c39ce11915e5,f8e872f8-7d2c-4f2b-b616-b7761484c254,5d29bea7-9ef3-4eca-b366-983fe5b31fd9,Dustin May,walks_allowed,1.5,-118,-104,1.0,1.0,0.5412844036697247,0.5098039215686274,0.5149751839808318,2026-09-05T01:57:50Z,2026-09-05T01:57:50Z,144066,MIL @ CIN,2026-09-05T22:40:00Z,scheduled,False,active
2026-09-05T05:10:55.939594+00:00,f6f95c3f-f214-4111-93a4-2ff8a15389ca,0a2e0580-ec6a-4bc2-86cc-107f673dfb1d,a9054cdf-a94e-4749-aff4-5c7cbee31c25,Carlos Rodón,walks_allowed,2.5,155,-193,1.25,0.77,0.39215686274509803,0.658703071672355,0.37317709991721326,2026-09-05T04:47:19Z,2026-09-05T04:47:19Z,142883,NYY @ SD,2026-09-05T23:15:00Z,scheduled,False,active
2026-09-05T05:10:55.939594+00:00,48dcaf4c-cea2-4819-85ee-f8c24a12be8b,b16feeec-f8fb-488a-8c88-02a136cf334f,80c1b8b7-3705-44e7-a3d1-65014950b727,Yusei Kikuchi,walks_allowed,1.5,-182,148,0.78,1.21,0.6453900709219859,0.4032258064516129,0.6154685284171485,2026-09-05T04:22:50Z,2026-09-05T04:22:50Z,144399,LAA @ PIT,2026-09-05T22:40:00Z,scheduled,False,active
2026-09-05T05:10:55.939594+00:00,bc45003a-7464-4d30-badd-ff222b4f8099,04ea4ff3-6163-4660-b532-c13b21bd72e8,db70abb4-834d-42da-a164-25ba01c9b9a7,Sonny Gray,walks_allowed,1.5,-103,-121,1.0,1.0,0.5073891625615764,0.5475113122171946,0.4809829691924101,2026-09-05T02:35:23Z,2026-09-05T02:35:23Z,142861,BOS @ BAL,2026-09-05T23:05:00Z,scheduled,False,active
2026-09-05T05:10:55.939594+00:00,4718da96-6216-44fd-9372-6ffe0fae45fe,0972dae5-0796-408c-b32a-d834132edea2,6478f785-3f47-49a2-bc6d-a425c72ac23e,Andrew Abbott,walks_allowed,1.5,-176,142,0.79,1.18,0.6376811594202898,0.4132231404958678,0.6067927968999316,2026-09-05T01:57:50Z,2026-09-05T01:57:50Z,144066,MIL @ CIN,2026-09-05T22:40:00Z,scheduled,False,active
2026-09-05T05:10:55.939594+00:00,c789505b-c8b0-4b52-816e-85f6e5af670a,f9ad7a51-0428-4178-a864-c1319e4097b1,e9210ddb-c752-4f1d-90e7-6b25829bb812,Tyler Glasnow,walks_allowed,1.5,-157,126,0.83,1.13,0.6108949416342413,0.4424778761061947,0.5799418129515217,2026-09-05T04:44:57Z,2026-09-05T04:44:57Z,143706,WSH @ LAD,2026-09-06T01:10:00Z,scheduled,False,active
2026-09-05T05:10:55.939594+00:00,85119b5a-96c6-40f8-a082-722b0ab52651,556578c7-9b35-4e13-9809-19fe4b757963,e79a82da-9f28-4eeb-b374-f3adf82488b3,Chris Bassitt,walks_allowed,1.5,-162,131,0.82,1.15,0.6183206106870229,0.4329004329004329,0.5881927635094779,2026-09-05T02:35:23Z,2026-09-05T02:35:23Z,142861,BOS @ BAL,2026-09-05T23:05:00Z,scheduled,False,active
2026-09-05T05:10:55.939594+00:00,9396269b-2c71-4b88-8627-88b2659abe33,086a30ff-5425-417a-b370-e4eb56f7285d,87f7e9c7-de24-4a5f-bba5-ffaaa9871e1d,Seth Lugo,walks_allowed,1.5,137,-173,1.15,0.8,0.4219409282700422,0.6336996336996337,0.3997013220889885,2026-09-05T04:14:54Z,2026-09-05T02:39:21Z,143171,TOR @ KC,2026-09-05T23:10:00Z,scheduled,False,active
2026-09-05T05:10:55.939594+00:00,887fe8ae-8f0d-41e0-a2c6-4531dc75d90c,f420b2b9-6a1d-4e9a-a276-4e72a6bb4fd0,d713be3b-ef28-4438-b269-9f1680350112,Brandon Pfaadt,walks_allowed,1.5,-104,-120,1.0,1.0,0.5098039215686274,0.5454545454545454,0.4831081081081081,2026-09-05T03:19:04Z,2026-09-05T03:19:04Z,144479,AZ @ HOU,2026-09-05T23:15:00Z,scheduled,False,active
2026-09-05T05:10:55.939594+00:00,9a9bbc9f-2e17-4068-a93f-a6b610f7a5f6,6b4eb5a4-841f-49e8-8cd4-de7a19f68267,96e59343-f6f6-4f31-a8d8-2ccaadb641ea,Taj Bradley,walks_allowed,2.5,134,-167,1.17,0.81,0.42735042735042733,0.6254681647940075,0.40591079084192283,2026-09-05T03:41:36Z,2026-09-05T03:41:36Z,143399,MIN @ CWS,2026-09-05T23:10:00Z,scheduled,False,active
2026-09-05T05:10:55.939594+00:00,55aaf2ed-61ee-4144-b504-9d1cae44bd5b,7bea6dff-c4a2-42a7-a39d-e4e601ab5894,e8fe5be7-a748-4ed5-8c5c-86c8996e60dd,Drew Rasmussen,walks_allowed,1.5,121,-150,1.1,0.85,0.45248868778280543,0.6,0.42992261392949266,2026-09-05T02:44:45Z,2026-09-05T02:44:45Z,143014,TB @ TEX,2026-09-05T23:05:00Z,scheduled,False,active
2026-09-05T05:10:55.939594+00:00,b45a00a0-21df-4b28-898b-d67187a3803a,5e2c36d0-c851-4bfb-9501-eec71978298b,b3fbad18-741d-44be-9ccd-b4f0833a843d,Max Scherzer,walks_allowed,1.5,103,-127,1.05,0.91,0.49261083743842365,0.5594713656387665,0.4682246653328108,2026-09-05T04:11:47Z,2026-09-05T04:11:47Z,143171,TOR @ KC,2026-09-05T23:10:00Z,scheduled,False,active
2026-09-05T05:10:55.939594+00:00,121d4594-755c-4c87-800c-c008278b54a7,f9ac06de-c3fd-43da-9a5f-d29fadee230a,1780ec99-888d-47c8-87aa-a09447544fd1,Ryan Gusto,walks_allowed,1.5,135,-167,1.17,0.81,0.425531914893617,0.6254681647940075,0.40488285692622644,2026-09-05T04:29:30Z,2026-09-05T04:29:30Z,143249,CHC @ MIA,2026-09-05T20:10:00Z,scheduled,False,active
2026-09-05T05:10:55.939594+00:00,9070db9a-aefd-48fa-b233-dc3cb4fe8baf,bec28786-f9ab-4690-9d7f-a78340604571,92ea1a11-e075-4dfc-868e-413eba1b6139,Cade Cavalli,walks_allowed,2.5,118,-145,1.12,0.86,0.45871559633027525,0.5918367346938775,0.43664230974870794,2026-09-05T04:48:11Z,2026-09-05T04:48:11Z,143706,WSH @ LAD,2026-09-06T01:10:00Z,scheduled,False,active
2026-09-05T05:10:55.939594+00:00,b584585b-aad0-402b-8b2c-34620b6dd76d,b3f7b344-4cae-4d0c-bb41-a816de81216f,611e5310-c577-43b7-9cd4-d2e7163e625c,Martín Pérez,walks_allowed,1.5,-118,-105,1.0,1.0,0.5412844036697247,0.5121951219512195,0.513806287170773,2026-09-05T01:43:33Z,2026-09-05T01:43:33Z,142671,ATL @ PHI,2026-09-05T22:05:00Z,scheduled,False,active
2026-09-05T05:10:55.939594+00:00,e16912c0-0834-4e39-a0a0-72eed3ea3130,01a4e0e7-3c2f-4d1f-9836-11aec10f96e6,dfa7a120-7f4e-4c56-b4a4-fe82f157cffe,Braxton Ashcraft,walks_allowed,0.5,-218,173,0.74,1.34,0.6855345911949685,0.3663003663003663,0.6517511005979368,2026-09-05T04:22:52Z,2026-09-05T04:22:52Z,144399,LAA @ PIT,2026-09-05T22:40:00Z,scheduled,False,active
2026-09-05T05:10:55.939594+00:00,de327a7f-22b8-4e9c-b651-94c26ff3d840,38f34c11-f5b2-4b0c-a024-b3a59efbfc42,4e3da87f-4e41-4f1b-bfb9-f426cdb9cc74,Javier Assad,walks_allowed,1.5,-109,-113,1.0,1.0,0.5215311004784688,0.5305164319248826,0.4957295981551863,2026-09-05T04:29:32Z,2026-09-05T04:29:32Z,143249,CHC @ MIA,2026-09-05T20:10:00Z,scheduled,False,active
2026-09-05T05:10:55.939594+00:00,e92d8ad6-3ddc-403c-829a-9d103ade1819,7bef3a8c-8eb0-409f-8601-37249d7f192f,6e64b0e7-90bc-40e1-a837-a81cd48621f9,Parker Messick,walks_allowed,1.5,-186,150,0.78,1.22,0.6503496503496503,0.4,0.6191744340878828,2026-09-05T03:48:08Z,2026-09-05T03:48:08Z,144436,DET @ CLE,2026-09-05T22:10:00Z,scheduled,False,active
2026-09-05T05:10:55.939594+00:00,24b53c7e-f188-4ad5-9b79-57500abebc6e,7d35da4f-1988-4ae5-a69f-e7d2a814ac53,d8ab0bfb-4b52-463d-bb18-b7c054e48796,Anthony Molina,walks_allowed,1.5,-124,101,0.94,1.05,0.5535714285714286,0.4975124378109453,0.5266672301580594,2026-09-05T03:52:03Z,2026-09-05T03:52:03Z,142349,SF @ NYM,2026-09-05T20:10:00Z,scheduled,False,active
2026-09-05T05:10:55.939594+00:00,64716899-c1de-45a2-81a4-143b95a91b43,62057acb-aa27-4f97-9902-650452d942b5,7ff96924-4a77-44af-8563-efabc42683c8,Zac Thornton,walks_allowed,1.5,146,-179,1.2,0.79,0.4065040650406504,0.6415770609318996,0.38785553423971975,2026-09-05T03:52:09Z,2026-09-05T03:52:09Z,142349,SF @ NYM,2026-09-05T20:10:00Z,scheduled,False,active
2026-09-05T05:10:55.939594+00:00,abc12a5a-6b92-4f63-86dd-7bbd5058c1c0,ff674e30-7007-4b3a-a500-b36d3b84b7d9,6c22ff70-0805-4cee-9153-b4c815db7197,Anthony Kay,walks_allowed,1.5,-125,102,0.91,1.04,0.5555555555555556,0.49504950495049505,0.5287958115183247,2026-09-05T03:39:56Z,2026-09-05T03:39:56Z,143399,MIN @ CWS,2026-09-05T23:10:00Z,scheduled,False,active
2026-09-05T05:10:55.939594+00:00,8df08042-fa96-4ba9-9489-dc309d8d3d08,7bfff779-42b5-47a4-8df7-329833451639,861547c6-0433-4120-88f0-247aeb6bcc2a,Ethan Pecko,walks_allowed,2.5,119,-145,1.13,0.85,0.45662100456621,0.5918367346938775,0.43551684294729354,2026-09-05T03:19:03Z,2026-09-05T03:19:03Z,144479,AZ @ HOU,2026-09-05T23:15:00Z,scheduled,False,active
2026-09-05T05:10:55.939594+00:00,c129dfd9-46c5-411b-8218-7264b2a8c0d1,bf27872c-a424-48d3-b514-056385bfb439,ca0ae197-16b0-458c-b965-1ff0820bb8d2,Zack Wheeler,hits_allowed,4.5,-125,-120,1.0,1.0,0.5555555555555556,0.5454545454545454,0.5045871559633028,2026-09-05T01:43:35Z,2026-09-05T01:43:35Z,142671,ATL @ PHI,2026-09-05T22:05:00Z,scheduled,False,active
2026-09-05T05:10:55.939594+00:00,6d097436-6d66-4636-a1ae-751b5eedcc53,ae67ed77-5594-48a8-8a4e-31c09550d1e6,051061cf-f985-4ee9-8cac-127e20565b4a,Robbie Ray,hits_allowed,4.5,-117,-129,1.0,1.0,0.5391705069124424,0.5633187772925764,0.48904829701018504,2026-09-05T02:44:47Z,2026-09-05T02:44:47Z,142883,NYY @ SD,2026-09-05T23:15:00Z,scheduled,False,active
2026-09-05T05:10:55.939594+00:00,d16a7e00-1f35-437a-984d-b7b1e17e92d3,03bcecae-0c47-4265-ace0-2c797dfb52f9,a9054cdf-a94e-4749-aff4-5c7cbee31c25,Carlos Rodón,hits_allowed,4.5,102,-152,1.09,0.88,0.49504950495049505,0.6031746031746031,0.4507727532913566,2026-09-05T02:44:49Z,2026-09-05T02:44:49Z,142883,NYY @ SD,2026-09-05T23:15:00Z,scheduled,False,active
2026-09-05T05:10:55.939594+00:00,5b8b5c68-fac2-432e-8688-65a45a6ad24b,77e2a60b-9c64-4b2c-8a91-228b3a86ff33,7b64d401-b3a9-4545-ab49-31803530f9be,Framber Valdez,hits_allowed,5.5,-152,103,0.88,1.09,0.6031746031746031,0.49261083743842365,0.5504495504495505,2026-09-05T02:38:56Z,2026-09-05T02:38:56Z,144436,DET @ CLE,2026-09-05T22:10:00Z,scheduled,False,active
2026-09-05T05:10:55.939594+00:00,341c4b88-5944-4a94-8ffc-d6e279c2e346,0247e367-ff75-48b9-853d-6f9af9c2b073,8efbb831-7fbf-41ca-aafe-9847bb41c8fb,Jacob deGrom,hits_allowed,4.5,-114,-130,1.0,1.0,0.5327102803738317,0.5652173913043478,0.4851961509992598,2026-09-05T02:44:49Z,2026-09-05T02:44:49Z,143014,TB @ TEX,2026-09-05T23:05:00Z,scheduled,False,active
2026-09-05T05:10:55.939594+00:00,ec04c0a2-cc4c-470d-9646-62220432cb30,6e3fa038-2fc1-4ef5-ae40-0f5e90e646cc,5d29bea7-9ef3-4eca-b366-983fe5b31fd9,Dustin May,hits_allowed,4.5,-124,-121,1.0,1.0,0.5535714285714286,0.5475113122171946,0.5027518896308799,2026-09-05T01:57:50Z,2026-09-05T01:57:50Z,144066,MIL @ CIN,2026-09-05T22:40:00Z,scheduled,False,active
2026-09-05T05:10:55.939594+00:00,edb3c3f4-818e-48e1-ad1e-7f94456e6799,0e68b245-6592-4ce5-a593-534706f6491b,db70abb4-834d-42da-a164-25ba01c9b9a7,Sonny Gray,hits_allowed,5.5,115,-173,1.13,0.83,0.46511627906976744,0.6336996336996337,0.4232886270253508,2026-09-05T02:35:22Z,2026-09-05T02:35:22Z,142861,BOS @ BAL,2026-09-05T23:05:00Z,scheduled,False,active
2026-09-05T05:10:55.939594+00:00,8cd8b6f5-9029-4fb7-b05b-3176a4da4352,f772936f-f37d-4d92-94dc-7af64b6c387c,80c1b8b7-3705-44e7-a3d1-65014950b727,Yusei Kikuchi,hits_allowed,5.5,-110,-136,1.0,1.0,0.5238095238095238,0.576271186440678,0.4761555392516507,2026-09-05T04:22:50Z,2026-09-05T04:22:50Z,144399,LAA @ PIT,2026-09-05T22:40:00Z,scheduled,False,active
2026-09-05T05:10:55.939594+00:00,2dd35313-9514-4cf0-a3fd-8cc5abf316bd,138356e4-95a9-4c45-94d8-ae888782416c,6478f785-3f47-49a2-bc6d-a425c72ac23e,Andrew Abbott,hits_allowed,5.5,100,-148,1.08,0.89,0.5,0.5967741935483871,0.4558823529411765,2026-09-05T02:47:35Z,2026-09-05T03:16:34Z,144066,MIL @ CIN,2026-09-05T22:40:00Z,scheduled,False,active
2026-09-05T05:10:55.939594+00:00,49136f2e-fae4-4fc6-9bdd-fe36fd584c02,9b1fd570-112f-4dd8-80f5-2be1bda580de,e9210ddb-c752-4f1d-90e7-6b25829bb812,Tyler Glasnow,hits_allowed,3.5,-157,106,0.86,1.11,0.6108949416342413,0.4854368932038835,0.5572171875538403,2026-09-05T04:44:55Z,2026-09-05T04:44:55Z,143706,WSH @ LAD,2026-09-06T01:10:00Z,scheduled,False,active
2026-09-05T05:10:55.939594+00:00,932bc29f-14dd-4b5c-9d99-9704e8bf1589,7b331156-b0be-4361-82a1-b8edc86d820c,87f7e9c7-de24-4a5f-bba5-ffaaa9871e1d,Seth Lugo,hits_allowed,6.5,-120,-124,1.0,1.0,0.5454545454545454,0.5535714285714286,0.49630723781388475,2026-09-05T04:09:27Z,2026-09-05T04:09:27Z,143171,TOR @ KC,2026-09-05T23:10:00Z,scheduled,False,active
2026-09-05T05:10:55.939594+00:00,9891e259-104d-4cfc-8dec-6788e9f995ed,2bb1c101-dae8-444b-9097-9881f05288c5,e79a82da-9f28-4eeb-b374-f3adf82488b3,Chris Bassitt,hits_allowed,5.5,107,-159,1.12,0.86,0.4830917874396135,0.6138996138996139,0.440378827810178,2026-09-05T02:35:22Z,2026-09-05T02:35:22Z,142861,BOS @ BAL,2026-09-05T23:05:00Z,scheduled,False,active
2026-09-05T05:10:55.939594+00:00,32150140-c7d0-4b27-8d39-a017100a0441,bf8f9d83-7b62-4f98-9847-4973aebc6d40,d713be3b-ef28-4438-b269-9f1680350112,Brandon Pfaadt,hits_allowed,5.5,-125,-118,1.0,1.0,0.5555555555555556,0.5412844036697247,0.5065055762081785,2026-09-05T03:14:00Z,2026-09-05T03:14:00Z,144479,AZ @ HOU,2026-09-05T23:15:00Z,scheduled,False,active
2026-09-05T05:10:55.939594+00:00,8aff46aa-7f63-43f3-9957-45eb84daf4d7,626830f6-e769-4760-af30-7ac44164ccc6,96e59343-f6f6-4f31-a8d8-2ccaadb641ea,Taj Bradley,hits_allowed,4.5,-143,-105,0.9,1.06,0.588477366255144,0.5121951219512195,0.5346525624658033,2026-09-05T03:41:35Z,2026-09-05T03:41:35Z,143399,MIN @ CWS,2026-09-05T23:10:00Z,scheduled,False,active
2026-09-05T05:10:55.939594+00:00,d1c2b60c-af47-423f-973e-b9ce3982bba8,4c98f38a-f611-4722-9bba-a803a5c67b25,e8fe5be7-a748-4ed5-8c5c-86c8996e60dd,Drew Rasmussen,hits_allowed,4.5,-120,-125,1.0,1.0,0.5454545454545454,0.5555555555555556,0.4954128440366972,2026-09-05T02:44:45Z,2026-09-05T02:44:45Z,143014,TB @ TEX,2026-09-05T23:05:00Z,scheduled,False,active
2026-09-05T05:10:55.939594+00:00,1c8e7a13-ae40-45d0-a620-c02dce1a4921,a6edfbfa-8164-44c5-8e7d-3cc849465fd3,b3fbad18-741d-44be-9ccd-b4f0833a843d,Max Scherzer,hits_allowed,5.5,111,-170,1.1,0.84,0.47393364928909953,0.6296296296296297,0.4294576109432161,2026-09-05T04:34:13Z,2026-09-05T04:10:18Z,143171,TOR @ KC,2026-09-05T23:10:00Z,scheduled,False,active
2026-09-05T05:10:55.939594+00:00,3b99d6c5-9e4e-475a-bd8f-cac13501381a,7a329214-1acd-439f-b316-278740f76c58,1780ec99-888d-47c8-87aa-a09447544fd1,Ryan Gusto,hits_allowed,4.5,-125,-120,1.0,1.0,0.5555555555555556,0.5454545454545454,0.5045871559633028,2026-09-05T04:29:22Z,2026-09-05T04:29:22Z,143249,CHC @ MIA,2026-09-05T20:10:00Z,scheduled,False,active
2026-09-05T05:10:55.939594+00:00,55246085-a024-4568-9e8b-5d645aa486a6,9fcdc030-f732-4266-997a-8bbdbe9ce660,92ea1a11-e075-4dfc-868e-413eba1b6139,Cade Cavalli,hits_allowed,4.5,-120,-125,1.0,1.0,0.5454545454545454,0.5555555555555556,0.4954128440366972,2026-09-05T04:48:11Z,2026-09-05T04:48:11Z,143706,WSH @ LAD,2026-09-06T01:10:00Z,scheduled,False,active
2026-09-05T05:10:55.939594+00:00,93879121-7c67-4498-8150-c3b154c00bed,c100a995-6784-4fdd-9d80-0ed4a7359d7b,611e5310-c577-43b7-9cd4-d2e7163e625c,Martín Pérez,hits_allowed,5.5,107,-159,1.11,0.86,0.4830917874396135,0.6138996138996139,0.440378827810178,2026-09-05T01:43:32Z,2026-09-05T01:43:32Z,142671,ATL @ PHI,2026-09-05T22:05:00Z,scheduled,False,active
2026-09-05T05:10:55.939594+00:00,f562d0fa-a8be-4cdf-a828-24843933839e,2f712fda-18d2-4934-bf08-b6ba19030ecd,dfa7a120-7f4e-4c56-b4a4-fe82f157cffe,Braxton Ashcraft,hits_allowed,4.5,-118,-127,1.0,1.0,0.5412844036697247,0.5594713656387665,0.49173887501835806,2026-09-05T04:22:51Z,2026-09-05T04:22:51Z,144399,LAA @ PIT,2026-09-05T22:40:00Z,scheduled,False,active
2026-09-05T05:10:55.939594+00:00,c6518666-4912-473f-9c4f-72763e8d0c14,6ff36f40-ff3b-409a-b39e-2fe35ae91dba,4e3da87f-4e41-4f1b-bfb9-f426cdb9cc74,Javier Assad,hits_allowed,3.5,-176,118,0.82,1.14,0.6376811594202898,0.45871559633027525,0.5816153286441911,2026-09-05T04:29:30Z,2026-09-05T04:29:30Z,143249,CHC @ MIA,2026-09-05T20:10:00Z,scheduled,False,active
2026-09-05T05:10:55.939594+00:00,fd3d41cf-5673-4c2e-a415-36bf6679bda5,9c5b4daa-c8d7-4958-ba45-c13b7e5793ee,6e64b0e7-90bc-40e1-a837-a81cd48621f9,Parker Messick,hits_allowed,4.5,-154,104,0.87,1.1,0.6062992125984252,0.49019607843137253,0.5529428330047874,2026-09-05T03:48:08Z,2026-09-05T03:48:08Z,144436,DET @ CLE,2026-09-05T22:10:00Z,scheduled,False,active
2026-09-05T05:10:55.939594+00:00,7fd5e096-d8b3-4ab7-a5f5-003aa0a24a4c,946fc541-7647-4ae4-93da-5b243b11d14b,d8ab0bfb-4b52-463d-bb18-b7c054e48796,Anthony Molina,hits_allowed,4.5,-150,100,0.89,1.08,0.6,0.5,0.5454545454545454,2026-09-05T03:52:02Z,2026-09-05T03:52:02Z,142349,SF @ NYM,2026-09-05T20:10:00Z,scheduled,False,active
2026-09-05T05:10:55.939594+00:00,4a5943ea-e8fb-45a1-9f81-8c4692c91e91,83d17baf-8a89-4048-8463-0c34462e2e43,6c22ff70-0805-4cee-9153-b4c815db7197,Anthony Kay,hits_allowed,4.5,-127,-117,1.0,1.0,0.5594713656387665,0.5391705069124424,0.5092390701799772,2026-09-05T03:39:51Z,2026-09-05T03:39:51Z,143399,MIN @ CWS,2026-09-05T23:10:00Z,scheduled,False,active
2026-09-05T05:10:55.939594+00:00,04f3582e-beb3-4ac7-95e1-b8df4beb992f,a176ba6c-7ac1-49a5-b019-330fbacfb643,861547c6-0433-4120-88f0-247aeb6bcc2a,Ethan Pecko,hits_allowed,4.5,109,-162,1.12,0.85,0.4784688995215311,0.6183206106870229,0.4362449632022378,2026-09-05T03:14:08Z,2026-09-05T03:14:08Z,144479,AZ @ HOU,2026-09-05T23:15:00Z,scheduled,False,active
2026-09-05T05:10:55.939594+00:00,b7483586-e1fc-4baa-9b25-02e51ad118c1,21a3f744-cabe-4653-88d9-2e229f252c77,7ff96924-4a77-44af-8563-efabc42683c8,Zac Thornton,hits_allowed,4.5,-159,106,0.86,1.11,0.6138996138996139,0.4854368932038835,0.558427387731442,2026-09-05T03:52:09Z,2026-09-05T03:52:09Z,142349,SF @ NYM,2026-09-05T20:10:00Z,scheduled,False,active
2026-09-05T09:03:07.167655+00:00,1376870b-8679-4ad3-abf4-b0168e409eed,9da82adc-df8d-49b8-b5a1-2dcdac91d1dd,ca0ae197-16b0-458c-b965-1ff0820bb8d2,Zack Wheeler,strikeouts,6.5,-130,-105,0.95,1.04,0.5652173913043478,0.5121951219512195,0.5246062992125985,2026-09-05T08:52:21Z,2026-09-05T08:52:21Z,142671,ATL @ PHI,2026-09-05T22:05:00Z,scheduled,False,active
2026-09-05T09:03:07.167655+00:00,5409ca67-0289-4cc0-ba19-40261f67cb76,78235f8c-be39-4d2b-a64d-71bc42201230,a9054cdf-a94e-4749-aff4-5c7cbee31c25,Carlos Rodón,strikeouts,5.5,124,-170,1.15,0.82,0.44642857142857145,0.6296296296296297,0.4148740012292563,2026-09-05T06:26:03Z,2026-09-05T06:26:03Z,142883,NYY @ SD,2026-09-05T23:15:00Z,scheduled,False,active
2026-09-05T09:03:07.167655+00:00,68ca9ad9-6564-4b16-96b2-272bcee07257,9830040d-f5da-4d08-b13a-6e47a5522bfe,051061cf-f985-4ee9-8cac-127e20565b4a,Robbie Ray,strikeouts,5.5,-120,-114,1.0,1.0,0.5454545454545454,0.5327102803738317,0.5059101654846335,2026-09-05T06:54:49Z,2026-09-05T06:54:49Z,142883,NYY @ SD,2026-09-05T23:15:00Z,scheduled,False,active
2026-09-05T09:03:07.167655+00:00,339febee-a327-4246-8aba-23fa129bda27,bdc91e62-a624-4ef3-9430-d5ba99386bdc,7b64d401-b3a9-4545-ab49-31803530f9be,Framber Valdez,strikeouts,3.5,-130,-105,0.95,1.04,0.5652173913043478,0.5121951219512195,0.5246062992125985,2026-09-05T08:30:06Z,2026-09-05T08:30:06Z,144436,DET @ CLE,2026-09-05T22:10:00Z,scheduled,False,active
2026-09-05T09:03:07.167655+00:00,c366e7c8-c2d7-44f7-8fa6-191757a20580,51c8c535-42d6-4a15-8e45-86386d13624e,db70abb4-834d-42da-a164-25ba01c9b9a7,Sonny Gray,strikeouts,5.5,-124,-109,1.0,1.0,0.5535714285714286,0.5215311004784688,0.5149010569816419,2026-09-05T07:37:07Z,2026-09-05T07:37:07Z,142861,BOS @ BAL,2026-09-05T23:05:00Z,scheduled,False,active
2026-09-05T09:03:07.167655+00:00,4d7052f8-b8a2-4ddb-a87d-891bb01f0dfe,dab4edcd-1898-436b-9ee0-69d971bd980d,80c1b8b7-3705-44e7-a3d1-65014950b727,Yusei Kikuchi,strikeouts,5.5,-148,109,0.87,1.1,0.5967741935483871,0.4784688995215311,0.5550132778296132,2026-09-05T08:51:50Z,2026-09-05T08:51:50Z,144399,LAA @ PIT,2026-09-05T22:40:00Z,scheduled,False,active
2026-09-05T09:03:07.167655+00:00,d8dda885-d95e-4c40-aafe-9e3c3196ba57,49c8b918-254a-4ce8-8058-519e6a2c7adf,a0a4c5fe-4e94-4fa0-97bd-baa94fd7c4f3,George Kirby,strikeouts,5.5,111,-152,1.11,0.86,0.47393364928909953,0.6031746031746031,0.44000558737253803,2026-09-05T08:30:06Z,2026-09-05T08:30:06Z,144250,ATH @ SEA,2026-09-06T01:40:00Z,scheduled,False,active
2026-09-05T09:03:07.167655+00:00,e4284d7e-de8a-4893-a709-8c29e4cbc677,5e3b9f67-7540-4d63-8735-8772e70e4a7c,6478f785-3f47-49a2-bc6d-a425c72ac23e,Andrew Abbott,strikeouts,3.5,-130,-107,0.94,1.0,0.5652173913043478,0.5169082125603864,0.5223214285714286,2026-09-05T01:57:49Z,2026-09-05T07:35:56Z,144066,MIL @ CIN,2026-09-05T22:40:00Z,scheduled,False,active
2026-09-05T09:03:07.167655+00:00,7bf5c999-a787-4c7e-8405-b58985fc8242,ff0a3a49-c2a3-4062-ad00-6a300e35719d,e9210ddb-c752-4f1d-90e7-6b25829bb812,Tyler Glasnow,strikeouts,7.5,117,-159,1.11,0.84,0.4608294930875576,0.6138996138996139,0.42878664966971836,2026-09-05T08:03:17Z,2026-09-05T08:03:17Z,143706,WSH @ LAD,2026-09-06T01:10:00Z,scheduled,False,active
2026-09-05T09:03:07.167655+00:00,cb79e4f1-737d-425a-b884-b19c66dcccc9,776dd612-18fc-44a1-a2bc-0da6f3ac0f15,e79a82da-9f28-4eeb-b374-f3adf82488b3,Chris Bassitt,strikeouts,4.5,122,-164,1.13,0.83,0.45045045045045046,0.6212121212121212,0.4203286205578907,2026-09-05T07:19:03Z,2026-09-05T07:19:03Z,142861,BOS @ BAL,2026-09-05T23:05:00Z,scheduled,False,active
2026-09-05T09:03:07.167655+00:00,3326904e-bc3e-45a7-adfb-27a9161a34de,b8f84f66-7637-4eb0-ae11-9be985cd0d7c,87f7e9c7-de24-4a5f-bba5-ffaaa9871e1d,Seth Lugo,strikeouts,3.5,108,-148,1.09,0.87,0.4807692307692308,0.5967741935483871,0.44617156016119747,2026-09-05T07:45:05Z,2026-09-05T07:45:05Z,143171,TOR @ KC,2026-09-05T23:10:00Z,scheduled,False,active
2026-09-05T09:03:07.167655+00:00,5a6f2f97-c4a8-43fb-96bd-c8af1981a0db,e837ca88-b8f5-471a-8a7f-d896c8069494,96e59343-f6f6-4f31-a8d8-2ccaadb641ea,Taj Bradley,strikeouts,6.5,-112,-121,1.0,1.0,0.5283018867924528,0.5475113122171946,0.49107213713197356,2026-09-05T07:14:23Z,2026-09-05T07:14:23Z,143399,MIN @ CWS,2026-09-05T23:10:00Z,scheduled,False,active
2026-09-05T09:03:07.167655+00:00,2fb4744c-f212-4659-94ee-c11d859989c1,729d8e2c-f21d-420b-b5ed-0d95afe08f62,4f1665df-2299-4f99-8315-88786549df30,Jeffrey Springs,strikeouts,3.5,-170,125,0.82,1.15,0.6296296296296297,0.4444444444444444,0.5862068965517242,2026-09-05T08:04:03Z,2026-09-05T08:04:03Z,144250,ATH @ SEA,2026-09-06T01:40:00Z,scheduled,False,active
2026-09-05T09:03:07.167655+00:00,c9651f7a-f1b1-4ffb-a1ac-f483742760d1,edf994b1-0e21-4919-b76c-bbf064eec997,3c1407a7-f2e9-43d6-ba9a-d75baa51996c,Matthew Liberatore,strikeouts,5.5,-109,-124,1.0,1.0,0.5215311004784688,0.5535714285714286,0.48509894301835804,2026-09-05T05:49:46Z,2026-09-05T05:49:46Z,142477,STL @ COL,2026-09-06T00:10:00Z,scheduled,False,active
2026-09-05T09:03:07.167655+00:00,424c4ae3-98aa-4ec9-90e7-5cc5d199d97c,7fe8aec7-1a99-49df-95d6-bc9649e497e9,e8fe5be7-a748-4ed5-8c5c-86c8996e60dd,Drew Rasmussen,strikeouts,5.5,-108,-125,1.0,1.0,0.5192307692307693,0.5555555555555556,0.48310139165009935,2026-09-05T07:36:04Z,2026-09-05T07:36:04Z,143014,TB @ TEX,2026-09-05T23:05:00Z,scheduled,False,active
2026-09-05T09:03:07.167655+00:00,f228b20e-c452-4537-88de-01fddae7628e,d2700af8-054c-4570-b593-70905a753fa9,b3fbad18-741d-44be-9ccd-b4f0833a843d,Max Scherzer,strikeouts,3.5,-124,-109,1.0,1.0,0.5535714285714286,0.5215311004784688,0.5149010569816419,2026-09-05T07:52:03Z,2026-09-05T07:52:03Z,143171,TOR @ KC,2026-09-05T23:10:00Z,scheduled,False,active
2026-09-05T09:03:07.167655+00:00,30459bb2-6aac-49d0-b48b-db5d85f909c1,e9a3ec96-4dd0-465a-9613-e2df1be29938,1780ec99-888d-47c8-87aa-a09447544fd1,Ryan Gusto,strikeouts,3.5,-164,121,0.83,1.13,0.6212121212121212,0.45248868778280543,0.5785709724794074,2026-09-05T08:19:06Z,2026-09-05T08:19:06Z,143249,CHC @ MIA,2026-09-05T20:10:00Z,scheduled,False,active
2026-09-05T09:03:07.167655+00:00,d4a7f780-ec30-438a-ad0c-3077aa0d2d30,1c9727a0-8b52-4e74-b4f0-09ceb50f4a21,611e5310-c577-43b7-9cd4-d2e7163e625c,Martín Pérez,strikeouts,3.5,-102,-136,1.05,0.91,0.504950495049505,0.576271186440678,0.46701846965699206,2026-09-05T08:19:01Z,2026-09-05T08:19:01Z,142671,ATL @ PHI,2026-09-05T22:05:00Z,scheduled,False,active
2026-09-05T09:03:07.167655+00:00,203f9df9-4300-48f0-b0f4-d90d5b9773a0,f885edbb-61bf-4681-8e2e-4f43d7632766,92ea1a11-e075-4dfc-868e-413eba1b6139,Cade Cavalli,strikeouts,5.5,118,-159,1.11,0.84,0.45871559633027525,0.6138996138996139,0.42766090948119284,2026-09-05T08:12:43Z,2026-09-05T08:12:43Z,143706,WSH @ LAD,2026-09-06T01:10:00Z,scheduled,False,active
2026-09-05T09:03:07.167655+00:00,e69a18f1-373c-4c05-8d01-bc38b018930f,3e884f76-7064-44a6-8484-fdd0860f69ef,dfa7a120-7f4e-4c56-b4a4-fe82f157cffe,Braxton Ashcraft,strikeouts,6.5,110,-150,1.1,0.87,0.47619047619047616,0.6,0.4424778761061947,2026-09-05T08:49:02Z,2026-09-05T08:49:02Z,144399,LAA @ PIT,2026-09-05T22:40:00Z,scheduled,False,active
2026-09-05T09:03:07.167655+00:00,c845d0ac-1116-4e8f-bc09-d2380deb22ed,a180e2af-6955-4750-93fd-43714a2373e0,4e3da87f-4e41-4f1b-bfb9-f426cdb9cc74,Javier Assad,strikeouts,3.5,-110,-124,1.0,1.0,0.5238095238095238,0.5535714285714286,0.4861878453038673,2026-09-05T07:57:05Z,2026-09-05T07:57:05Z,143249,CHC @ MIA,2026-09-05T20:10:00Z,scheduled,False,active
2026-09-05T09:03:07.167655+00:00,a1e5baa6-efe0-4a24-8fce-9e04267d3cdb,083d97d7-d541-41a7-9d0b-e1300ff00c5f,d8ab0bfb-4b52-463d-bb18-b7c054e48796,Anthony Molina,strikeouts,3.5,-145,107,0.88,1.09,0.5918367346938775,0.4830917874396135,0.5505824085114189,2026-09-05T07:54:02Z,2026-09-05T07:54:02Z,142349,SF @ NYM,2026-09-05T20:10:00Z,scheduled,False,active
2026-09-05T09:03:07.167655+00:00,8cbe1ba0-dae4-4168-9158-3c88752a7b63,e3bb0611-b4ed-4ae5-a572-50215b3ad591,7ff96924-4a77-44af-8563-efabc42683c8,Zac Thornton,strikeouts,4.5,-134,-103,0.91,1.05,0.5726495726495726,0.5073891625615764,0.5302120692343677,2026-09-05T06:13:04Z,2026-09-05T06:13:04Z,142349,SF @ NYM,2026-09-05T20:10:00Z,scheduled,False,active
2026-09-05T09:03:07.167655+00:00,1acf84f2-9bf2-4c06-a57a-1facb73a4c38,49e1a005-0d17-45fa-af2a-451be7825003,861547c6-0433-4120-88f0-247aeb6bcc2a,Ethan Pecko,strikeouts,3.5,-152,111,0.86,1.11,0.6031746031746031,0.47393364928909953,0.5599944126274619,2026-09-05T08:49:03Z,2026-09-05T08:49:03Z,144479,AZ @ HOU,2026-09-05T23:15:00Z,scheduled,False,active
2026-09-05T09:03:07.167655+00:00,520ca594-b702-48ec-9ee0-5fdad5bdf458,05db188f-a75d-4b46-904e-44100a4a7dcf,59f0b422-dda2-4a0e-abbd-f1e6edc0407c,Mason Adams,strikeouts,3.5,-125,-108,1.0,1.0,0.5555555555555556,0.5192307692307693,0.5168986083499005,2026-09-05T05:46:52Z,2026-09-05T05:46:52Z,142477,STL @ COL,2026-09-06T00:10:00Z,scheduled,False,active
2026-09-05T09:03:07.167655+00:00,6c02283c-918e-489a-8ada-e1e013d70bab,ba74a6ad-afac-4619-8800-7096046caaba,6c22ff70-0805-4cee-9153-b4c815db7197,Anthony Kay,strikeouts,3.5,-105,-130,1.04,0.95,0.5121951219512195,0.5652173913043478,0.4753937007874017,2026-09-05T07:43:46Z,2026-09-05T07:43:46Z,143399,MIN @ CWS,2026-09-05T23:10:00Z,scheduled,False,active
2026-09-05T09:03:07.167655+00:00,19424c86-f825-4a62-9133-6819f81a1f74,a9eac032-d9aa-4610-9bec-27e62e888622,ca0ae197-16b0-458c-b965-1ff0820bb8d2,Zack Wheeler,pitch_outs,17.5,-176,128,0.81,1.17,0.6376811594202898,0.43859649122807015,0.592487597448618,2026-09-05T08:50:06Z,2026-09-05T08:50:06Z,142671,ATL @ PHI,2026-09-05T22:05:00Z,scheduled,False,active
2026-09-05T09:03:07.167655+00:00,2f336655-3baa-4844-afd2-84fae0e57f8c,b4de8e62-850a-49f0-948d-3c971d66adf4,7b64d401-b3a9-4545-ab49-31803530f9be,Framber Valdez,pitch_outs,16.5,-125,-109,1.0,1.0,0.5555555555555556,0.5215311004784688,0.5157946692991116,2026-09-05T07:55:03Z,2026-09-05T07:55:03Z,144436,DET @ CLE,2026-09-05T22:10:00Z,scheduled,False,active
2026-09-05T09:03:07.167655+00:00,1e1fc89b-38e7-4274-af33-1d43ad41b223,17732b8f-cb86-44d8-b8df-09a5ba0385cf,051061cf-f985-4ee9-8cac-127e20565b4a,Robbie Ray,pitch_outs,15.5,-113,-121,1.0,1.0,0.5305164319248826,0.5475113122171946,0.49211760532849874,2026-09-05T05:56:03Z,2026-09-05T05:56:03Z,142883,NYY @ SD,2026-09-05T23:15:00Z,scheduled,False,active
2026-09-05T09:03:07.167655+00:00,ffbf0f22-622f-4934-a839-12f13c1900cc,394ff706-f354-425c-9ee6-a8a731ff8ffa,a9054cdf-a94e-4749-aff4-5c7cbee31c25,Carlos Rodón,pitch_outs,14.5,-143,106,0.88,1.09,0.588477366255144,0.4854368932038835,0.5479742549946055,2026-09-05T06:27:03Z,2026-09-05T06:27:03Z,142883,NYY @ SD,2026-09-05T23:15:00Z,scheduled,False,active
2026-09-05T09:03:07.167655+00:00,ba7ebb24-449a-4c29-a85f-52ebff92c5ec,c5283107-4031-4617-b1b3-e3e394b34f3a,db70abb4-834d-42da-a164-25ba01c9b9a7,Sonny Gray,pitch_outs,17.5,-114,-118,1.0,1.0,0.5327102803738317,0.5412844036697247,0.496008302730321,2026-09-05T05:14:02Z,2026-09-05T05:14:02Z,142861,BOS @ BAL,2026-09-05T23:05:00Z,scheduled,False,active
2026-09-05T09:03:07.167655+00:00,2a536552-3020-470c-b076-48809f0e8a9b,0ba05c73-0d3d-4091-bf7e-87cf75347a69,80c1b8b7-3705-44e7-a3d1-65014950b727,Yusei Kikuchi,pitch_outs,15.5,-108,-125,1.0,1.0,0.5192307692307693,0.5555555555555556,0.48310139165009935,2026-09-05T08:49:02Z,2026-09-05T08:49:02Z,144399,LAA @ PIT,2026-09-05T22:40:00Z,scheduled,False,active
2026-09-05T09:03:07.167655+00:00,745d8fce-02d2-4bb6-8b32-18721cb5b763,52a08953-7b3e-4450-a073-6016c17d92ae,a0a4c5fe-4e94-4fa0-97bd-baa94fd7c4f3,George Kirby,pitch_outs,18.5,114,-154,1.13,0.85,0.4672897196261682,0.6062992125984252,0.43525944204537664,2026-09-05T08:36:03Z,2026-09-05T08:36:03Z,144250,ATH @ SEA,2026-09-06T01:40:00Z,scheduled,False,active
2026-09-05T09:03:07.167655+00:00,dd0e02f5-8430-492d-8cba-871c9d00500f,3717d9bb-9ce2-41a0-ab58-21e540e39c71,e9210ddb-c752-4f1d-90e7-6b25829bb812,Tyler Glasnow,pitch_outs,17.5,-179,132,0.81,1.15,0.6415770609318996,0.43103448275862066,0.5981448406982773,2026-09-05T08:38:03Z,2026-09-05T08:38:03Z,143706,WSH @ LAD,2026-09-06T01:10:00Z,scheduled,False,active
2026-09-05T09:03:07.167655+00:00,7bff0656-d662-48b6-85b7-012374ad55a3,b9ef7503-abbe-4da7-b0c9-de387e6a23e1,e79a82da-9f28-4eeb-b374-f3adf82488b3,Chris Bassitt,pitch_outs,15.5,116,-157,1.1,0.85,0.46296296296296297,0.6108949416342413,0.4311212507548815,2026-09-05T08:00:05Z,2026-09-05T08:00:05Z,142861,BOS @ BAL,2026-09-05T23:05:00Z,scheduled,False,active
2026-09-05T09:03:07.167655+00:00,12475b71-9207-4239-949f-409e08da2071,735f5237-1d81-4764-b306-07f2a70adc1b,87f7e9c7-de24-4a5f-bba5-ffaaa9871e1d,Seth Lugo,pitch_outs,17.5,-134,-103,0.91,1.05,0.5726495726495726,0.5073891625615764,0.5302120692343677,2026-09-05T07:48:03Z,2026-09-05T07:48:03Z,143171,TOR @ KC,2026-09-05T23:10:00Z,scheduled,False,active
2026-09-05T09:03:07.167655+00:00,ae2e4f4e-38e5-49c0-b440-e2565b833d53,215c6979-60e6-46d8-ab24-0ec1da1c4eda,96e59343-f6f6-4f31-a8d8-2ccaadb641ea,Taj Bradley,pitch_outs,17.5,-148,108,0.87,1.09,0.5967741935483871,0.4807692307692308,0.5538284398388026,2026-09-05T07:42:03Z,2026-09-05T07:42:03Z,143399,MIN @ CWS,2026-09-05T23:10:00Z,scheduled,False,active
2026-09-05T09:03:07.167655+00:00,02e814ab-b585-4e18-b6a3-9f1db2176454,e7758169-9a6b-4da7-bbcb-ee12e5ba06b3,4f1665df-2299-4f99-8315-88786549df30,Jeffrey Springs,pitch_outs,15.5,122,-164,1.13,0.83,0.45045045045045046,0.6212121212121212,0.4203286205578907,2026-09-05T08:38:03Z,2026-09-05T08:38:03Z,144250,ATH @ SEA,2026-09-06T01:40:00Z,scheduled,False,active
2026-09-05T09:03:07.167655+00:00,3a315f2c-b75f-4b08-bccc-c85b7f322449,3de3f052-4628-439c-ba26-63219f37d795,3c1407a7-f2e9-43d6-ba9a-d75baa51996c,Matthew Liberatore,pitch_outs,17.5,-104,-132,1.05,0.94,0.5098039215686274,0.5689655172413793,0.4725791287997492,2026-09-05T05:46:51Z,2026-09-05T05:46:51Z,142477,STL @ COL,2026-09-06T00:10:00Z,scheduled,False,active
2026-09-05T09:03:07.167655+00:00,b330dad5-f10e-4a7c-99bd-3bfd334568fc,c9b9dcfb-30ac-4617-b979-1fcb71f27b1a,e8fe5be7-a748-4ed5-8c5c-86c8996e60dd,Drew Rasmussen,pitch_outs,17.5,-139,103,0.89,1.08,0.5815899581589958,0.49261083743842365,0.5414164284206688,2026-09-05T07:35:02Z,2026-09-05T07:35:02Z,143014,TB @ TEX,2026-09-05T23:05:00Z,scheduled,False,active
2026-09-05T09:03:07.167655+00:00,3c0f5459-8ccd-46ba-9b76-33a5cbeda16b,3beff734-6153-4f2b-93c5-8608ffba38fa,b3fbad18-741d-44be-9ccd-b4f0833a843d,Max Scherzer,pitch_outs,15.5,-139,102,0.9,1.07,0.5815899581589958,0.49504950495049505,0.5401900804186387,2026-09-05T07:57:03Z,2026-09-05T07:57:03Z,143171,TOR @ KC,2026-09-05T23:10:00Z,scheduled,False,active
2026-09-05T09:03:07.167655+00:00,8e9cc318-3a8a-4466-9b94-3aa672f80180,e82b22d6-8d26-403c-ae7d-b0e38b81031d,1780ec99-888d-47c8-87aa-a09447544fd1,Ryan Gusto,pitch_outs,13.5,-121,-112,1.0,1.0,0.5475113122171946,0.5283018867924528,0.5089278628680263,2026-09-05T08:40:03Z,2026-09-05T08:40:03Z,143249,CHC @ MIA,2026-09-05T20:10:00Z,scheduled,False,active
2026-09-05T09:03:07.167655+00:00,8b1889b5-c3db-4135-b85b-7b56cf5d9560,cf493177-de82-40f5-bef6-58f9db3ba3cd,611e5310-c577-43b7-9cd4-d2e7163e625c,Martín Pérez,pitch_outs,14.5,-148,109,0.87,1.1,0.5967741935483871,0.4784688995215311,0.5550132778296132,2026-09-05T07:48:03Z,2026-09-05T07:48:03Z,142671,ATL @ PHI,2026-09-05T22:05:00Z,scheduled,False,active
2026-09-05T09:03:07.167655+00:00,3a14f650-debb-4ff9-b82d-8fe96c63128b,99a04020-468d-4439-989e-6f9d7befa927,92ea1a11-e075-4dfc-868e-413eba1b6139,Cade Cavalli,pitch_outs,15.5,103,-139,1.07,0.89,0.49261083743842365,0.5815899581589958,0.4585835715793311,2026-09-05T07:38:02Z,2026-09-05T07:38:02Z,143706,WSH @ LAD,2026-09-06T01:10:00Z,scheduled,False,active
2026-09-05T09:03:07.167655+00:00,eafb191b-c8b1-40c4-8a5f-84011e981714,f8876db6-3f2f-4190-9c57-2a0ed3605d48,dfa7a120-7f4e-4c56-b4a4-fe82f157cffe,Braxton Ashcraft,pitch_outs,16.5,-114,-120,1.0,1.0,0.5327102803738317,0.5454545454545454,0.4940898345153664,2026-09-05T08:36:03Z,2026-09-05T08:36:03Z,144399,LAA @ PIT,2026-09-05T22:40:00Z,scheduled,False,active
2026-09-05T09:03:07.167655+00:00,2b5737b8-90f3-4d0a-ba83-e45d0cd15732,a8cc2256-ba09-47cf-b832-d3028f19f5f0,4e3da87f-4e41-4f1b-bfb9-f426cdb9cc74,Javier Assad,pitch_outs,14.5,-137,101,0.9,1.06,0.5780590717299579,0.4975124378109453,0.5374436442414662,2026-09-05T08:28:03Z,2026-09-05T08:28:03Z,143249,CHC @ MIA,2026-09-05T20:10:00Z,scheduled,False,active
2026-09-05T09:03:07.167655+00:00,0c00058b-0137-4b7b-963a-bc67b5a9fa85,9bf2e9cf-2418-40b8-a39e-a677902807ef,6e64b0e7-90bc-40e1-a837-a81cd48621f9,Parker Messick,pitch_outs,18.5,142,-193,1.21,0.78,0.4132231404958678,0.658703071672355,0.3854958819040602,2026-09-05T08:32:03Z,2026-09-05T08:32:03Z,144436,DET @ CLE,2026-09-05T22:10:00Z,scheduled,False,active
2026-09-05T09:03:07.167655+00:00,b4db4e41-5512-47cb-8a5e-3e7a36c6b6ac,a59a6247-1f23-4db8-b621-cb8866244949,d8ab0bfb-4b52-463d-bb18-b7c054e48796,Anthony Molina,pitch_outs,14.5,-114,-120,1.0,1.0,0.5327102803738317,0.5454545454545454,0.4940898345153664,2026-09-05T08:12:02Z,2026-09-05T08:12:02Z,142349,SF @ NYM,2026-09-05T20:10:00Z,scheduled,False,active
2026-09-05T09:03:07.167655+00:00,a4beb06d-5925-4efb-966d-4d9bb05e7d45,b5854b6b-28ee-486b-9da9-3679b87fb6e9,7ff96924-4a77-44af-8563-efabc42683c8,Zac Thornton,pitch_outs,16.5,-122,-112,1.0,1.0,0.5495495495495496,0.5283018867924528,0.5098564895126951,2026-09-05T06:02:02Z,2026-09-05T06:02:02Z,142349,SF @ NYM,2026-09-05T20:10:00Z,scheduled,False,active
2026-09-05T09:03:07.167655+00:00,c833c562-a9d2-4c45-a367-b45e4cc91e23,8f7f0aa9-587c-4fa4-9a0b-49f6d4291ac7,6c22ff70-0805-4cee-9153-b4c815db7197,Anthony Kay,pitch_outs,14.5,-179,131,0.81,1.15,0.6415770609318996,0.4329004329004329,0.5971060953948794,2026-09-05T07:33:03Z,2026-09-05T07:33:03Z,143399,MIN @ CWS,2026-09-05T23:10:00Z,scheduled,False,active
2026-09-05T09:03:07.167655+00:00,8d2ae99b-3122-46da-879f-3c3f1d7e47f1,4e658216-3644-492b-afbd-a02b81378e18,861547c6-0433-4120-88f0-247aeb6bcc2a,Ethan Pecko,pitch_outs,14.5,-167,123,0.83,1.14,0.6254681647940075,0.4484304932735426,0.5824275503980232,2026-09-05T07:13:32Z,2026-09-05T07:13:32Z,144479,AZ @ HOU,2026-09-05T23:15:00Z,scheduled,False,active
2026-09-05T09:03:07.167655+00:00,420985a0-fa18-45f6-94bd-430617c6bcc1,e211fcad-07a1-41c5-9b9f-b837d1b63f9d,59f0b422-dda2-4a0e-abbd-f1e6edc0407c,Mason Adams,pitch_outs,14.5,-107,-127,1.0,1.0,0.5169082125603864,0.5594713656387665,0.4802285578710111,2026-09-05T05:46:53Z,2026-09-05T05:46:53Z,142477,STL @ COL,2026-09-06T00:10:00Z,scheduled,False,active
2026-09-05T09:03:07.167655+00:00,cf7813e0-3f39-4998-8fe3-2daea13832c6,6ce11fbb-896d-47ac-8375-93572182a2e3,ca0ae197-16b0-458c-b965-1ff0820bb8d2,Zack Wheeler,runs_allowed,1.5,-170,125,0.82,1.15,0.6296296296296297,0.4444444444444444,0.5862068965517242,2026-09-05T08:51:02Z,2026-09-05T08:51:03Z,142671,ATL @ PHI,2026-09-05T22:05:00Z,scheduled,False,active
2026-09-05T09:03:07.167655+00:00,865f1641-cc83-476b-8c50-c6915e7e7dfd,778bc282-7e67-4047-8ec3-59316671990c,a9054cdf-a94e-4749-aff4-5c7cbee31c25,Carlos Rodón,runs_allowed,2.5,121,-164,1.13,0.83,0.45248868778280543,0.6212121212121212,0.4214290275205925,2026-09-05T06:15:03Z,2026-09-05T06:15:03Z,142883,NYY @ SD,2026-09-05T23:15:00Z,scheduled,False,active
2026-09-05T09:03:07.167655+00:00,953729c4-6027-49ea-bb0b-ead3ceb16d86,895c3614-4674-44d7-bd61-9fd0f75def58,051061cf-f985-4ee9-8cac-127e20565b4a,Robbie Ray,runs_allowed,2.5,111,-150,1.11,0.86,0.47393364928909953,0.6,0.44130626654898497,2026-09-05T06:15:03Z,2026-09-05T06:15:03Z,142883,NYY @ SD,2026-09-05T23:15:00Z,scheduled,False,active
2026-09-05T09:03:07.167655+00:00,7f215dfc-aa4d-415d-818c-e56fbda22eaf,06f6ccc3-5ad9-453f-849b-e0f56befe8df,5d29bea7-9ef3-4eca-b366-983fe5b31fd9,Dustin May,runs_allowed,2.5,113,-154,1.12,0.86,0.4694835680751174,0.6062992125984252,0.43641111989278725,2026-09-05T08:35:42Z,2026-09-05T08:35:42Z,144066,MIL @ CIN,2026-09-05T22:40:00Z,scheduled,False,active
2026-09-05T09:03:07.167655+00:00,ecb4305d-9ba7-4ea9-9b33-bc891df7db1c,1c1b3dc1-6830-4e97-a57f-3853f989835c,db70abb4-834d-42da-a164-25ba01c9b9a7,Sonny Gray,runs_allowed,2.5,110,-150,1.1,0.86,0.47619047619047616,0.6,0.4424778761061947,2026-09-05T08:00:05Z,2026-09-05T08:00:05Z,142861,BOS @ BAL,2026-09-05T23:05:00Z,scheduled,False,active
2026-09-05T09:03:07.167655+00:00,d39b5f82-a7cf-4768-9019-5815e65d60a3,f042d0ed-a4fb-4c0d-9892-1734498ee0a1,80c1b8b7-3705-44e7-a3d1-65014950b727,Yusei Kikuchi,runs_allowed,2.5,-103,-134,1.05,0.91,0.5073891625615764,0.5726495726495726,0.4697879307656324,2026-09-05T08:02:03Z,2026-09-05T08:02:03Z,144399,LAA @ PIT,2026-09-05T22:40:00Z,scheduled,False,active
2026-09-05T09:03:07.167655+00:00,49110088-fca9-4a5f-8cb8-a24468066f8f,662c8974-332c-4784-9b1d-53e4d812305a,a0a4c5fe-4e94-4fa0-97bd-baa94fd7c4f3,George Kirby,runs_allowed,1.5,-132,-104,0.94,1.05,0.5689655172413793,0.5098039215686274,0.5274208712002507,2026-09-05T05:11:24Z,2026-09-05T05:11:24Z,144250,ATH @ SEA,2026-09-06T01:40:00Z,scheduled,False,active
2026-09-05T09:03:07.167655+00:00,083f7a38-70f7-420d-ba78-e6a895fcf6a9,afd267e9-8994-4365-82af-f3077b7015ab,6478f785-3f47-49a2-bc6d-a425c72ac23e,Andrew Abbott,runs_allowed,2.5,-157,115,0.85,1.1,0.6108949416342413,0.46511627906976744,0.567740307795812,2026-09-05T07:17:06Z,2026-09-05T07:17:06Z,144066,MIL @ CIN,2026-09-05T22:40:00Z,scheduled,False,active
2026-09-05T09:03:07.167655+00:00,aae8169c-5e43-4147-b13f-139fad83d777,742e6659-6fcb-4efe-9257-0192c5ddc662,87f7e9c7-de24-4a5f-bba5-ffaaa9871e1d,Seth Lugo,runs_allowed,2.5,-143,105,0.88,1.09,0.588477366255144,0.4878048780487805,0.5467686281824116,2026-09-05T07:38:02Z,2026-09-05T07:38:02Z,143171,TOR @ KC,2026-09-05T23:10:00Z,scheduled,False,active
2026-09-05T09:03:07.167655+00:00,741fd544-a1e8-42f9-9197-4c871c7d4dd5,1dd068ab-6102-4a4a-8b75-cd46cd907b05,e9210ddb-c752-4f1d-90e7-6b25829bb812,Tyler Glasnow,runs_allowed,1.5,-110,-124,1.0,1.0,0.5238095238095238,0.5535714285714286,0.4861878453038673,2026-09-05T08:13:03Z,2026-09-05T08:13:03Z,143706,WSH @ LAD,2026-09-06T01:10:00Z,scheduled,False,active
2026-09-05T09:03:07.167655+00:00,d3a3ac4e-37df-45fd-b665-ea51d9ddf7b1,7d355517-3031-4539-b411-f6124ee17d3a,e79a82da-9f28-4eeb-b374-f3adf82488b3,Chris Bassitt,runs_allowed,2.5,104,-141,1.08,0.89,0.49019607843137253,0.5850622406639004,0.45588680387409203,2026-09-05T07:24:03Z,2026-09-05T07:24:03Z,142861,BOS @ BAL,2026-09-05T23:05:00Z,scheduled,False,active
2026-09-05T09:03:07.167655+00:00,11a44b05-c90f-43d4-b6ab-bbeff3793496,7147b5f2-afe4-467f-825b-33b3b9b36220,d713be3b-ef28-4438-b269-9f1680350112,Brandon Pfaadt,runs_allowed,2.5,-105,-130,1.04,0.95,0.5121951219512195,0.5652173913043478,0.4753937007874017,2026-09-05T08:42:34Z,2026-09-05T08:42:34Z,144479,AZ @ HOU,2026-09-05T23:15:00Z,scheduled,False,active
2026-09-05T09:03:07.167655+00:00,1bb3cb72-d3e9-441d-9c0d-a0ccbdafa60f,f89bf363-6af3-4b32-a760-a1853f2788e6,96e59343-f6f6-4f31-a8d8-2ccaadb641ea,Taj Bradley,runs_allowed,2.5,104,-141,1.08,0.89,0.49019607843137253,0.5850622406639004,0.45588680387409203,2026-09-05T07:52:03Z,2026-09-05T07:52:03Z,143399,MIN @ CWS,2026-09-05T23:10:00Z,scheduled,False,active
2026-09-05T09:03:07.167655+00:00,c1eeb043-d96d-43ef-84a2-91fe0ae4ce7d,d9a7d167-90dd-43aa-9c30-1d5a4ed6b435,4f1665df-2299-4f99-8315-88786549df30,Jeffrey Springs,runs_allowed,2.5,-134,-102,0.91,1.05,0.5726495726495726,0.504950495049505,0.5314119679597926,2026-09-05T08:19:06Z,2026-09-05T08:19:06Z,144250,ATH @ SEA,2026-09-06T01:40:00Z,scheduled,False,active
2026-09-05T09:03:07.167655+00:00,c862cc67-c467-48ae-a6a9-377ff9d64ae2,7ff94589-8942-48c6-8069-6b1ac7d07db9,3c1407a7-f2e9-43d6-ba9a-d75baa51996c,Matthew Liberatore,runs_allowed,2.5,-157,116,0.85,1.1,0.6108949416342413,0.46296296296296297,0.5688787492451184,2026-09-05T07:15:20Z,2026-09-05T07:15:20Z,142477,STL @ COL,2026-09-06T00:10:00Z,scheduled,False,active
2026-09-05T09:03:07.167655+00:00,20b345d0-fa62-4d57-9e90-2494ae845684,5b4a1431-b9c4-43bc-b96e-b1c01c12df01,e8fe5be7-a748-4ed5-8c5c-86c8996e60dd,Drew Rasmussen,runs_allowed,1.5,-154,113,0.85,1.12,0.6062992125984252,0.4694835680751174,0.5635888801072129,2026-09-05T07:36:03Z,2026-09-05T07:36:03Z,143014,TB @ TEX,2026-09-05T23:05:00Z,scheduled,False,active
2026-09-05T09:03:07.167655+00:00,fb59d092-3f42-4998-be28-c5de10290c08,394ad014-4b10-438c-9f70-af7b66bc0474,b3fbad18-741d-44be-9ccd-b4f0833a843d,Max Scherzer,runs_allowed,2.5,-148,108,0.87,1.09,0.5967741935483871,0.4807692307692308,0.5538284398388026,2026-09-05T08:02:03Z,2026-09-05T08:02:03Z,143171,TOR @ KC,2026-09-05T23:10:00Z,scheduled,False,active
2026-09-05T09:03:07.167655+00:00,6ebb984e-1f94-4774-8f2e-f1d94391d482,952e3af6-95d5-4c2e-aca5-44ebe47370c1,1780ec99-888d-47c8-87aa-a09447544fd1,Ryan Gusto,runs_allowed,2.5,104,-141,1.08,0.89,0.49019607843137253,0.5850622406639004,0.45588680387409203,2026-09-05T08:21:03Z,2026-09-05T08:21:03Z,143249,CHC @ MIA,2026-09-05T20:10:00Z,scheduled,False,active
2026-09-05T09:03:07.167655+00:00,4cc3536c-7a0c-4571-87aa-4fb307852392,e67407a2-f8b7-423c-bbb2-232e4f108cbf,92ea1a11-e075-4dfc-868e-413eba1b6139,Cade Cavalli,runs_allowed,2.5,116,-157,1.1,0.85,0.46296296296296297,0.6108949416342413,0.4311212507548815,2026-09-05T07:29:03Z,2026-09-05T07:29:03Z,143706,WSH @ LAD,2026-09-06T01:10:00Z,scheduled,False,active
2026-09-05T09:03:07.167655+00:00,9fed04b1-9963-4939-b423-14dd86c0b324,3a5d9ccc-cd01-4d4f-8d2c-96999ae9b855,dfa7a120-7f4e-4c56-b4a4-fe82f157cffe,Braxton Ashcraft,runs_allowed,1.5,-108,-125,1.0,1.0,0.5192307692307693,0.5555555555555556,0.48310139165009935,2026-09-05T07:13:31Z,2026-09-05T07:13:31Z,144399,LAA @ PIT,2026-09-05T22:40:00Z,scheduled,False,active
2026-09-05T09:03:07.167655+00:00,14f0a522-7011-43ec-ac89-175beebcd071,73f6b9d7-6594-44b9-886e-1497283c2f4e,4e3da87f-4e41-4f1b-bfb9-f426cdb9cc74,Javier Assad,runs_allowed,1.5,-130,-104,0.94,1.05,0.5652173913043478,0.5098039215686274,0.5257731958762887,2026-09-05T08:30:05Z,2026-09-05T08:30:05Z,143249,CHC @ MIA,2026-09-05T20:10:00Z,scheduled,False,active
2026-09-05T09:03:07.167655+00:00,222fd1ae-e76d-4b4f-8c4c-5074df86b173,816622a8-7c12-4101-9d4b-6bf777604c26,6e64b0e7-90bc-40e1-a837-a81cd48621f9,Parker Messick,runs_allowed,1.5,-154,114,0.85,1.13,0.6062992125984252,0.4672897196261682,0.5647405579546233,2026-09-05T08:45:03Z,2026-09-05T08:45:03Z,144436,DET @ CLE,2026-09-05T22:10:00Z,scheduled,False,active
2026-09-05T09:03:07.167655+00:00,5bd06e73-518d-472b-ada2-89b9388b9371,ee6b5f31-465f-40fc-8f51-4e7c426b3da2,d8ab0bfb-4b52-463d-bb18-b7c054e48796,Anthony Molina,runs_allowed,2.5,-106,-129,1.0,1.0,0.5145631067961165,0.5633187772925764,0.4773835745752045,2026-09-05T07:54:02Z,2026-09-05T07:54:02Z,142349,SF @ NYM,2026-09-05T20:10:00Z,scheduled,False,active
2026-09-05T09:03:07.167655+00:00,ba6dc625-427e-4f7a-962f-ab19e9c8b594,03b29ed9-a53d-477b-aa5f-04e851be966c,861547c6-0433-4120-88f0-247aeb6bcc2a,Ethan Pecko,runs_allowed,2.5,116,-157,1.1,0.84,0.46296296296296297,0.6108949416342413,0.4311212507548815,2026-09-05T08:54:03Z,2026-09-05T08:54:03Z,144479,AZ @ HOU,2026-09-05T23:15:00Z,scheduled,False,active
2026-09-05T09:03:07.167655+00:00,c49d9a91-21b9-4b45-8dfa-eccb1353f56d,1ef4cb80-4ee2-4a3c-8eb2-4b6b96acaa91,59f0b422-dda2-4a0e-abbd-f1e6edc0407c,Mason Adams,runs_allowed,2.5,-129,-107,1.0,1.0,0.5633187772925764,0.5169082125603864,0.5214818575948131,2026-09-05T05:46:52Z,2026-09-05T05:46:52Z,142477,STL @ COL,2026-09-06T00:10:00Z,scheduled,False,active
2026-09-05T09:03:07.167655+00:00,deda1c91-ce02-4978-90b9-00ee2914c620,bc485d7b-a9d2-42ea-ad8e-8ee3b9e87a51,6c22ff70-0805-4cee-9153-b4c815db7197,Anthony Kay,runs_allowed,2.5,120,-162,1.12,0.83,0.45454545454545453,0.6183206106870229,0.42367399741267786,2026-09-05T07:35:02Z,2026-09-05T07:35:02Z,143399,MIN @ CWS,2026-09-05T23:10:00Z,scheduled,False,active
2026-09-05T09:03:07.167655+00:00,c496a612-0d80-43f4-a35a-44523c34dd00,299f3890-76e7-4d5d-9913-318e4cda86e6,7ff96924-4a77-44af-8563-efabc42683c8,Zac Thornton,runs_allowed,1.5,-148,109,0.87,1.09,0.5967741935483871,0.4784688995215311,0.5550132778296132,2026-09-05T07:54:02Z,2026-09-05T07:54:02Z,142349,SF @ NYM,2026-09-05T20:10:00Z,scheduled,False,active
2026-09-05T09:03:07.167655+00:00,f6f95c3f-f214-4111-93a4-2ff8a15389ca,331ae9ad-5700-4752-a9b4-2b782d1c0417,a9054cdf-a94e-4749-aff4-5c7cbee31c25,Carlos Rodón,walks_allowed,2.5,161,-200,1.27,0.76,0.3831417624521073,0.6666666666666666,0.36496350364963503,2026-09-05T08:44:02Z,2026-09-05T08:44:02Z,142883,NYY @ SD,2026-09-05T23:15:00Z,scheduled,False,active
2026-09-05T09:03:07.167655+00:00,a428a873-526a-41ad-b569-bc3aa719f361,616536af-3f13-4083-b8bd-1b5caf88625c,051061cf-f985-4ee9-8cac-127e20565b4a,Robbie Ray,walks_allowed,2.5,110,-136,1.09,0.88,0.47619047619047616,0.576271186440678,0.4524539877300614,2026-09-05T07:54:04Z,2026-09-05T07:54:42Z,142883,NYY @ SD,2026-09-05T23:15:00Z,scheduled,False,active
2026-09-05T09:03:07.167655+00:00,69af29a8-7309-4fd4-825d-c39ce11915e5,f8e872f8-7d2c-4f2b-b616-b7761484c254,5d29bea7-9ef3-4eca-b366-983fe5b31fd9,Dustin May,walks_allowed,1.5,-136,110,0.88,1.09,0.576271186440678,0.47619047619047616,0.5475460122699387,2026-09-05T07:17:07Z,2026-09-05T07:17:07Z,144066,MIL @ CIN,2026-09-05T22:40:00Z,scheduled,False,active
2026-09-05T09:03:07.167655+00:00,45a6ce3e-81eb-471e-8578-999fc0f89d0c,6efed925-5a9c-423e-bc96-81e32896dcd9,7b64d401-b3a9-4545-ab49-31803530f9be,Framber Valdez,walks_allowed,1.5,-182,147,0.79,1.21,0.6453900709219859,0.4048582995951417,0.614511851710091,2026-09-05T07:12:41Z,2026-09-05T06:53:55Z,144436,DET @ CLE,2026-09-05T22:10:00Z,scheduled,False,active
2026-09-05T09:03:07.167655+00:00,48dcaf4c-cea2-4819-85ee-f8c24a12be8b,7cdea4fd-a2ff-4188-95ee-4306b6b80da3,80c1b8b7-3705-44e7-a3d1-65014950b727,Yusei Kikuchi,walks_allowed,1.5,-132,108,0.89,1.08,0.5689655172413793,0.4807692307692308,0.542008843967151,2026-09-05T08:10:02Z,2026-09-05T08:10:02Z,144399,LAA @ PIT,2026-09-05T22:40:00Z,scheduled,False,active
2026-09-05T09:03:07.167655+00:00,bc45003a-7464-4d30-badd-ff222b4f8099,12a57ad8-6737-4636-9987-89a6462f93f0,db70abb4-834d-42da-a164-25ba01c9b9a7,Sonny Gray,walks_allowed,1.5,116,-143,1.11,0.86,0.46296296296296297,0.588477366255144,0.4403131115459883,2026-09-05T07:34:01Z,2026-09-05T07:34:01Z,142861,BOS @ BAL,2026-09-05T23:05:00Z,scheduled,False,active
2026-09-05T09:03:07.167655+00:00,ec0aaff9-a4a3-4a4b-a6d9-ef80cf6af313,29c7ce5c-35ba-4a31-be2a-a2cfca329305,a0a4c5fe-4e94-4fa0-97bd-baa94fd7c4f3,George Kirby,walks_allowed,1.5,185,-233,1.4,0.72,0.3508771929824561,0.6996996996996997,0.33398525650669475,2026-09-05T05:11:25Z,2026-09-05T05:11:25Z,144250,ATH @ SEA,2026-09-06T01:40:00Z,scheduled,False,active
2026-09-05T09:03:07.167655+00:00,4718da96-6216-44fd-9372-6ffe0fae45fe,b0bae71e-bdd0-4799-aa4a-2a2d946ad4a7,6478f785-3f47-49a2-bc6d-a425c72ac23e,Andrew Abbott,walks_allowed,2.5,153,-189,1.23,0.77,0.3952569169960474,0.6539792387543253,0.3767092039574019,2026-09-05T07:17:06Z,2026-09-05T07:17:06Z,144066,MIL @ CIN,2026-09-05T22:40:00Z,scheduled,False,active
2026-09-05T09:03:07.167655+00:00,c789505b-c8b0-4b52-816e-85f6e5af670a,f9ad7a51-0428-4178-a864-c1319e4097b1,e9210ddb-c752-4f1d-90e7-6b25829bb812,Tyler Glasnow,walks_allowed,1.5,-150,118,0.84,1.12,0.6,0.45871559633027525,0.5667244367417678,2026-09-05T05:45:37Z,2026-09-05T07:14:28Z,143706,WSH @ LAD,2026-09-06T01:10:00Z,scheduled,False,active
2026-09-05T09:03:07.167655+00:00,85119b5a-96c6-40f8-a082-722b0ab52651,556578c7-9b35-4e13-9809-19fe4b757963,e79a82da-9f28-4eeb-b374-f3adf82488b3,Chris Bassitt,walks_allowed,1.5,-170,137,0.81,1.15,0.6296296296296297,0.4219409282700422,0.5987516718680339,2026-09-05T07:17:04Z,2026-09-05T07:17:04Z,142861,BOS @ BAL,2026-09-05T23:05:00Z,scheduled,False,active
2026-09-05T09:03:07.167655+00:00,9396269b-2c71-4b88-8627-88b2659abe33,086a30ff-5425-417a-b370-e4eb56f7285d,87f7e9c7-de24-4a5f-bba5-ffaaa9871e1d,Seth Lugo,walks_allowed,1.5,138,-173,1.15,0.8,0.42016806722689076,0.6336996336996337,0.39869147413616846,2026-09-05T07:16:11Z,2026-09-05T02:39:21Z,143171,TOR @ KC,2026-09-05T23:10:00Z,scheduled,False,active
2026-09-05T09:03:07.167655+00:00,9a9bbc9f-2e17-4068-a93f-a6b610f7a5f6,6b4eb5a4-841f-49e8-8cd4-de7a19f68267,96e59343-f6f6-4f31-a8d8-2ccaadb641ea,Taj Bradley,walks_allowed,2.5,127,-157,1.13,0.83,0.44052863436123346,0.6108949416342413,0.41898302874190974,2026-09-05T07:14:23Z,2026-09-05T07:14:23Z,143399,MIN @ CWS,2026-09-05T23:10:00Z,scheduled,False,active
2026-09-05T09:03:07.167655+00:00,83b22ac7-bb78-446c-9f2b-82916ec66549,a99d5191-6293-42d7-a2f9-3bb64c940eff,4f1665df-2299-4f99-8315-88786549df30,Jeffrey Springs,walks_allowed,2.5,126,-154,1.13,0.83,0.4424778761061947,0.6062992125984252,0.42189887715101987,2026-09-05T07:15:19Z,2026-09-05T07:15:19Z,144250,ATH @ SEA,2026-09-06T01:40:00Z,scheduled,False,active
2026-09-05T09:03:07.167655+00:00,01b12d03-5a87-4f83-8600-8539f2883c52,ae06b155-0d27-4103-9548-6417379bf5aa,3c1407a7-f2e9-43d6-ba9a-d75baa51996c,Matthew Liberatore,walks_allowed,1.5,118,-150,1.12,0.85,0.45871559633027525,0.6,0.43327556325823224,2026-09-05T07:15:20Z,2026-09-05T05:47:20Z,142477,STL @ COL,2026-09-06T00:10:00Z,scheduled,False,active
2026-09-05T09:03:07.167655+00:00,55aaf2ed-61ee-4144-b504-9d1cae44bd5b,7bea6dff-c4a2-42a7-a39d-e4e601ab5894,e8fe5be7-a748-4ed5-8c5c-86c8996e60dd,Drew Rasmussen,walks_allowed,1.5,117,-143,1.11,0.86,0.4608294930875576,0.588477366255144,0.4391751459398891,2026-09-05T07:17:54Z,2026-09-05T07:17:54Z,143014,TB @ TEX,2026-09-05T23:05:00Z,scheduled,False,active
2026-09-05T09:03:07.167655+00:00,b45a00a0-21df-4b28-898b-d67187a3803a,5e2c36d0-c851-4bfb-9501-eec71978298b,b3fbad18-741d-44be-9ccd-b4f0833a843d,Max Scherzer,walks_allowed,1.5,-107,-115,1.0,1.0,0.5169082125603864,0.5348837209302325,0.4914548173467208,2026-09-05T07:16:11Z,2026-09-05T07:16:11Z,143171,TOR @ KC,2026-09-05T23:10:00Z,scheduled,False,active
2026-09-05T09:03:07.167655+00:00,121d4594-755c-4c87-800c-c008278b54a7,45630247-06b4-4e96-9d53-a4c5398dca14,1780ec99-888d-47c8-87aa-a09447544fd1,Ryan Gusto,walks_allowed,1.5,118,-145,1.12,0.85,0.45871559633027525,0.5918367346938775,0.43664230974870794,2026-09-05T08:08:01Z,2026-09-05T08:08:01Z,143249,CHC @ MIA,2026-09-05T20:10:00Z,scheduled,False,active
2026-09-05T09:03:07.167655+00:00,b584585b-aad0-402b-8b2c-34620b6dd76d,b3f7b344-4cae-4d0c-bb41-a816de81216f,611e5310-c577-43b7-9cd4-d2e7163e625c,Martín Pérez,walks_allowed,1.5,-124,100,0.94,1.05,0.5535714285714286,0.5,0.5254237288135594,2026-09-05T07:12:37Z,2026-09-05T07:12:37Z,142671,ATL @ PHI,2026-09-05T22:05:00Z,scheduled,False,active
2026-09-05T09:03:07.167655+00:00,9070db9a-aefd-48fa-b233-dc3cb4fe8baf,bec28786-f9ab-4690-9d7f-a78340604571,92ea1a11-e075-4dfc-868e-413eba1b6139,Cade Cavalli,walks_allowed,2.5,128,-157,1.14,0.83,0.43859649122807015,0.6108949416342413,0.41791336021855074,2026-09-05T07:14:27Z,2026-09-05T07:14:27Z,143706,WSH @ LAD,2026-09-06T01:10:00Z,scheduled,False,active
2026-09-05T09:03:07.167655+00:00,e16912c0-0834-4e39-a0a0-72eed3ea3130,01a4e0e7-3c2f-4d1f-9836-11aec10f96e6,dfa7a120-7f4e-4c56-b4a4-fe82f157cffe,Braxton Ashcraft,walks_allowed,0.5,-205,167,0.75,1.31,0.6721311475409836,0.37453183520599254,0.6421657769695547,2026-09-05T08:17:47Z,2026-09-05T07:13:31Z,144399,LAA @ PIT,2026-09-05T22:40:00Z,scheduled,False,active
2026-09-05T09:03:07.167655+00:00,24b53c7e-f188-4ad5-9b79-57500abebc6e,7d35da4f-1988-4ae5-a69f-e7d2a814ac53,d8ab0bfb-4b52-463d-bb18-b7c054e48796,Anthony Molina,walks_allowed,1.5,-113,-109,1.0,1.0,0.5305164319248826,0.5215311004784688,0.5042704018448135,2026-09-05T08:11:26Z,2026-09-05T08:11:26Z,142349,SF @ NYM,2026-09-05T20:10:00Z,scheduled,False,active
2026-09-05T09:03:07.167655+00:00,abc12a5a-6b92-4f63-86dd-7bbd5058c1c0,ff674e30-7007-4b3a-a500-b36d3b84b7d9,6c22ff70-0805-4cee-9153-b4c815db7197,Anthony Kay,walks_allowed,1.5,-139,113,0.87,1.09,0.5815899581589958,0.4694835680751174,0.5533294709103481,2026-09-05T07:44:51Z,2026-09-05T07:44:51Z,143399,MIN @ CWS,2026-09-05T23:10:00Z,scheduled,False,active
2026-09-05T09:03:07.167655+00:00,64716899-c1de-45a2-81a4-143b95a91b43,62057acb-aa27-4f97-9902-650452d942b5,7ff96924-4a77-44af-8563-efabc42683c8,Zac Thornton,walks_allowed,1.5,159,-205,1.27,0.75,0.3861003861003861,0.6721311475409836,0.3648543573180214,2026-09-05T08:11:27Z,2026-09-05T06:16:58Z,142349,SF @ NYM,2026-09-05T20:10:00Z,scheduled,False,active
2026-09-05T09:03:07.167655+00:00,8df08042-fa96-4ba9-9489-dc309d8d3d08,7bfff779-42b5-47a4-8df7-329833451639,861547c6-0433-4120-88f0-247aeb6bcc2a,Ethan Pecko,walks_allowed,2.5,115,-141,1.1,0.87,0.46511627906976744,0.5850622406639004,0.44289258476523014,2026-09-05T07:13:32Z,2026-09-05T07:13:32Z,144479,AZ @ HOU,2026-09-05T23:15:00Z,scheduled,False,active
2026-09-05T09:03:07.167655+00:00,80868ce8-ba9d-45bc-8910-9d9eca0de33f,eae10a5d-d97e-48d5-8156-55e68fc60d9c,59f0b422-dda2-4a0e-abbd-f1e6edc0407c,Mason Adams,walks_allowed,1.5,-127,104,0.91,1.05,0.5594713656387665,0.49019607843137253,0.5329986833443056,2026-09-05T07:15:21Z,2026-09-05T07:15:21Z,142477,STL @ COL,2026-09-06T00:10:00Z,scheduled,False,active
2026-09-05T09:03:07.167655+00:00,c129dfd9-46c5-411b-8218-7264b2a8c0d1,bf27872c-a424-48d3-b514-056385bfb439,ca0ae197-16b0-458c-b965-1ff0820bb8d2,Zack Wheeler,hits_allowed,4.5,-130,-115,1.0,1.0,0.5652173913043478,0.5348837209302325,0.5137867647058824,2026-09-05T07:53:47Z,2026-09-05T07:53:47Z,142671,ATL @ PHI,2026-09-05T22:05:00Z,scheduled,False,active
2026-09-05T09:03:07.167655+00:00,ec04c0a2-cc4c-470d-9646-62220432cb30,6e3fa038-2fc1-4ef5-ae40-0f5e90e646cc,5d29bea7-9ef3-4eca-b366-983fe5b31fd9,Dustin May,hits_allowed,4.5,-139,-107,0.91,1.05,0.5815899581589958,0.5169082125603864,0.5294409892172377,2026-09-05T07:17:06Z,2026-09-05T07:17:06Z,144066,MIL @ CIN,2026-09-05T22:40:00Z,scheduled,False,active
2026-09-05T09:03:07.167655+00:00,5b8b5c68-fac2-432e-8688-65a45a6ad24b,77e2a60b-9c64-4b2c-8a91-228b3a86ff33,7b64d401-b3a9-4545-ab49-31803530f9be,Framber Valdez,hits_allowed,5.5,-145,-103,0.89,1.07,0.5918367346938775,0.5073891625615764,0.5384122919334187,2026-09-05T06:53:55Z,2026-09-05T06:53:55Z,144436,DET @ CLE,2026-09-05T22:10:00Z,scheduled,False,active
2026-09-05T09:03:07.167655+00:00,d16a7e00-1f35-437a-984d-b7b1e17e92d3,240172cd-7069-4066-a926-1b1e75467beb,a9054cdf-a94e-4749-aff4-5c7cbee31c25,Carlos Rodón,hits_allowed,4.5,-104,-143,1.06,0.9,0.5098039215686274,0.588477366255144,0.4641833810888252,2026-09-05T07:54:02Z,2026-09-05T07:54:02Z,142883,NYY @ SD,2026-09-05T23:15:00Z,scheduled,False,active
2026-09-05T09:03:07.167655+00:00,8cd8b6f5-9029-4fb7-b05b-3176a4da4352,09859b49-0022-494a-9990-50e80256e35c,80c1b8b7-3705-44e7-a3d1-65014950b727,Yusei Kikuchi,hits_allowed,5.5,-106,-141,1.05,0.91,0.5145631067961165,0.5850622406639004,0.467944021101993,2026-09-05T08:06:02Z,2026-09-05T08:06:02Z,144399,LAA @ PIT,2026-09-05T22:40:00Z,scheduled,False,active
2026-09-05T09:03:07.167655+00:00,edb3c3f4-818e-48e1-ad1e-7f94456e6799,18ed7266-a7fd-4747-a677-9f8d95d0ec96,db70abb4-834d-42da-a164-25ba01c9b9a7,Sonny Gray,hits_allowed,5.5,118,-176,1.14,0.82,0.45871559633027525,0.6376811594202898,0.41838467135580887,2026-09-05T07:32:02Z,2026-09-05T07:32:02Z,142861,BOS @ BAL,2026-09-05T23:05:00Z,scheduled,False,active
2026-09-05T09:03:07.167655+00:00,e094d09f-bbeb-4aed-b1e3-296b33e5803f,66aff8f9-21a9-4127-b1dc-73904f2160ae,a0a4c5fe-4e94-4fa0-97bd-baa94fd7c4f3,George Kirby,hits_allowed,4.5,-179,119,0.82,1.15,0.6415770609318996,0.45662100456621,0.5842088791523226,2026-09-05T05:11:24Z,2026-09-05T05:11:24Z,144250,ATH @ SEA,2026-09-06T01:40:00Z,scheduled,False,active
2026-09-05T09:03:07.167655+00:00,2dd35313-9514-4cf0-a3fd-8cc5abf316bd,138356e4-95a9-4c45-94d8-ae888782416c,6478f785-3f47-49a2-bc6d-a425c72ac23e,Andrew Abbott,hits_allowed,5.5,-107,-139,1.05,0.91,0.5169082125603864,0.5815899581589958,0.47055901078276224,2026-09-05T07:17:06Z,2026-09-05T07:17:06Z,144066,MIL @ CIN,2026-09-05T22:40:00Z,scheduled,False,active
2026-09-05T09:03:07.167655+00:00,932bc29f-14dd-4b5c-9d99-9704e8bf1589,7b331156-b0be-4361-82a1-b8edc86d820c,87f7e9c7-de24-4a5f-bba5-ffaaa9871e1d,Seth Lugo,hits_allowed,6.5,-130,-115,1.0,1.0,0.5652173913043478,0.5348837209302325,0.5137867647058824,2026-09-05T07:16:11Z,2026-09-05T07:16:11Z,143171,TOR @ KC,2026-09-05T23:10:00Z,scheduled,False,active
2026-09-05T09:03:07.167655+00:00,49136f2e-fae4-4fc6-9bdd-fe36fd584c02,e82d2ebd-1708-49c8-8c39-de0b9b241523,e9210ddb-c752-4f1d-90e7-6b25829bb812,Tyler Glasnow,hits_allowed,3.5,-143,-105,0.9,1.06,0.588477366255144,0.5121951219512195,0.5346525624658033,2026-09-05T08:13:02Z,2026-09-05T08:13:02Z,143706,WSH @ LAD,2026-09-06T01:10:00Z,scheduled,False,active
2026-09-05T09:03:07.167655+00:00,9891e259-104d-4cfc-8dec-6788e9f995ed,4ef7969c-1ee6-4055-8c95-1897d2176ef6,e79a82da-9f28-4eeb-b374-f3adf82488b3,Chris Bassitt,hits_allowed,4.5,-173,115,0.83,1.12,0.6336996336996337,0.46511627906976744,0.5767113729746493,2026-09-05T07:24:03Z,2026-09-05T07:24:03Z,142861,BOS @ BAL,2026-09-05T23:05:00Z,scheduled,False,active
2026-09-05T09:03:07.167655+00:00,8aff46aa-7f63-43f3-9957-45eb84daf4d7,626830f6-e769-4760-af30-7ac44164ccc6,96e59343-f6f6-4f31-a8d8-2ccaadb641ea,Taj Bradley,hits_allowed,4.5,-143,-107,0.9,1.05,0.588477366255144,0.5169082125603864,0.5323729362253157,2026-09-05T03:41:35Z,2026-09-05T07:43:06Z,143399,MIN @ CWS,2026-09-05T23:10:00Z,scheduled,False,active
2026-09-05T09:03:07.167655+00:00,72556fcd-221d-459e-9ef9-705b2a4f5e8f,92874e19-0d9e-49a3-b689-68a570f4cc07,4f1665df-2299-4f99-8315-88786549df30,Jeffrey Springs,hits_allowed,4.5,-167,111,0.84,1.1,0.6254681647940075,0.47393364928909953,0.5689168025574374,2026-09-05T07:15:19Z,2026-09-05T07:15:19Z,144250,ATH @ SEA,2026-09-06T01:40:00Z,scheduled,False,active
2026-09-05T09:03:07.167655+00:00,6bcfba4f-43cf-44b4-9920-4ab9ce66ac1a,66487281-1f42-4a7e-a98f-f4b694f423c7,3c1407a7-f2e9-43d6-ba9a-d75baa51996c,Matthew Liberatore,hits_allowed,5.5,-152,102,0.88,1.08,0.6031746031746031,0.49504950495049505,0.5492272467086433,2026-09-05T05:46:51Z,2026-09-05T05:46:51Z,142477,STL @ COL,2026-09-06T00:10:00Z,scheduled,False,active
2026-09-05T09:03:07.167655+00:00,1c8e7a13-ae40-45d0-a620-c02dce1a4921,3f41c9a8-8808-43c2-9b42-fc434e319adc,b3fbad18-741d-44be-9ccd-b4f0833a843d,Max Scherzer,hits_allowed,5.5,-120,-125,1.0,1.0,0.5454545454545454,0.5555555555555556,0.4954128440366972,2026-09-05T07:54:02Z,2026-09-05T07:54:02Z,143171,TOR @ KC,2026-09-05T23:10:00Z,scheduled,False,active
2026-09-05T09:03:07.167655+00:00,3b99d6c5-9e4e-475a-bd8f-cac13501381a,b6344ab5-34a0-4889-ad37-d63573887216,1780ec99-888d-47c8-87aa-a09447544fd1,Ryan Gusto,hits_allowed,4.5,-141,-106,0.91,1.05,0.5850622406639004,0.5145631067961165,0.5320559788980072,2026-09-05T07:52:03Z,2026-09-05T07:52:03Z,143249,CHC @ MIA,2026-09-05T20:10:00Z,scheduled,False,active
2026-09-05T09:03:07.167655+00:00,93879121-7c67-4498-8150-c3b154c00bed,c100a995-6784-4fdd-9d80-0ed4a7359d7b,611e5310-c577-43b7-9cd4-d2e7163e625c,Martín Pérez,hits_allowed,5.5,111,-167,1.1,0.84,0.47393364928909953,0.6254681647940075,0.4310831974425626,2026-09-05T07:12:37Z,2026-09-05T07:12:37Z,142671,ATL @ PHI,2026-09-05T22:05:00Z,scheduled,False,active
2026-09-05T09:03:07.167655+00:00,55246085-a024-4568-9e8b-5d645aa486a6,9fcdc030-f732-4266-997a-8bbdbe9ce660,92ea1a11-e075-4dfc-868e-413eba1b6139,Cade Cavalli,hits_allowed,4.5,-127,-118,1.0,1.0,0.5594713656387665,0.5412844036697247,0.508261124981642,2026-09-05T07:14:27Z,2026-09-05T07:14:27Z,143706,WSH @ LAD,2026-09-06T01:10:00Z,scheduled,False,active
2026-09-05T09:03:07.167655+00:00,f562d0fa-a8be-4cdf-a828-24843933839e,2f712fda-18d2-4934-bf08-b6ba19030ecd,dfa7a120-7f4e-4c56-b4a4-fe82f157cffe,Braxton Ashcraft,hits_allowed,4.5,-114,-132,1.0,1.0,0.5327102803738317,0.5689655172413793,0.4835454146555507,2026-09-05T08:35:42Z,2026-09-05T08:35:42Z,144399,LAA @ PIT,2026-09-05T22:40:00Z,scheduled,False,active
2026-09-05T09:03:07.167655+00:00,c6518666-4912-473f-9c4f-72763e8d0c14,6ff36f40-ff3b-409a-b39e-2fe35ae91dba,4e3da87f-4e41-4f1b-bfb9-f426cdb9cc74,Javier Assad,hits_allowed,3.5,-170,113,0.84,1.12,0.6296296296296297,0.4694835680751174,0.5728523967726625,2026-09-05T08:48:27Z,2026-09-05T08:48:27Z,143249,CHC @ MIA,2026-09-05T20:10:00Z,scheduled,False,active
2026-09-05T09:03:07.167655+00:00,fd3d41cf-5673-4c2e-a415-36bf6679bda5,78728085-590c-4928-a96e-0df7a98b694a,6e64b0e7-90bc-40e1-a837-a81cd48621f9,Parker Messick,hits_allowed,5.5,116,-173,1.13,0.83,0.46296296296296297,0.6336996336996337,0.4221562442011505,2026-09-05T09:00:04Z,2026-09-05T09:00:04Z,144436,DET @ CLE,2026-09-05T22:10:00Z,scheduled,False,active
2026-09-05T09:03:07.167655+00:00,7fd5e096-d8b3-4ab7-a5f5-003aa0a24a4c,c48dabe2-023f-4b8d-9d8b-d280db6ce0a9,d8ab0bfb-4b52-463d-bb18-b7c054e48796,Anthony Molina,hits_allowed,4.5,-139,-107,0.91,1.04,0.5815899581589958,0.5169082125603864,0.5294409892172377,2026-09-05T08:03:14Z,2026-09-05T08:03:14Z,142349,SF @ NYM,2026-09-05T20:10:00Z,scheduled,False,active
2026-09-05T09:03:07.167655+00:00,a7fe9467-8111-4243-978d-499c6b0b4720,d5fe34c2-1479-4aaf-b465-d1d2ee746301,59f0b422-dda2-4a0e-abbd-f1e6edc0407c,Mason Adams,hits_allowed,5.5,100,-150,1.08,0.89,0.5,0.6,0.45454545454545453,2026-09-05T07:15:20Z,2026-09-05T07:15:20Z,142477,STL @ COL,2026-09-06T00:10:00Z,scheduled,False,active
2026-09-05T09:03:07.167655+00:00,b7483586-e1fc-4baa-9b25-02e51ad118c1,27577285-baf5-4068-993a-1d304a564528,7ff96924-4a77-44af-8563-efabc42683c8,Zac Thornton,hits_allowed,4.5,-141,-106,0.91,1.05,0.5850622406639004,0.5145631067961165,0.5320559788980072,2026-09-05T06:05:03Z,2026-09-05T06:05:03Z,142349,SF @ NYM,2026-09-05T20:10:00Z,scheduled,False,active
2026-09-05T09:03:07.167655+00:00,4a5943ea-e8fb-45a1-9f81-8c4692c91e91,83d17baf-8a89-4048-8463-0c34462e2e43,6c22ff70-0805-4cee-9153-b4c815db7197,Anthony Kay,hits_allowed,4.5,-118,-125,1.0,1.0,0.5412844036697247,0.5555555555555556,0.49349442379182157,2026-09-05T07:43:56Z,2026-09-05T07:43:56Z,143399,MIN @ CWS,2026-09-05T23:10:00Z,scheduled,False,active
2026-09-05T09:03:07.167655+00:00,04f3582e-beb3-4ac7-95e1-b8df4beb992f,a176ba6c-7ac1-49a5-b019-330fbacfb643,861547c6-0433-4120-88f0-247aeb6bcc2a,Ethan Pecko,hits_allowed,4.5,103,-154,1.09,0.87,0.49261083743842365,0.6062992125984252,0.44827221065264194,2026-09-05T07:13:32Z,2026-09-05T07:13:32Z,144479,AZ @ HOU,2026-09-05T23:15:00Z,scheduled,False,active
2026-09-05T14:19:32.871230+00:00,1376870b-8679-4ad3-abf4-b0168e409eed,2063db0e-d5b5-499f-8c8c-b81abee72450,ca0ae197-16b0-458c-b965-1ff0820bb8d2,Zack Wheeler,strikeouts,6.5,-120,-114,1.0,1.0,0.5454545454545454,0.5327102803738317,0.5059101654846335,2026-09-05T14:17:24Z,2026-09-05T14:17:24Z,142671,ATL @ PHI,2026-09-05T22:05:00Z,scheduled,False,active
2026-09-05T14:19:32.871230+00:00,a11856ab-aaf9-4b4a-af49-5e3e6a7c8202,65bb1472-3129-4238-953f-240dc988d25f,5d29bea7-9ef3-4eca-b366-983fe5b31fd9,Dustin May,strikeouts,5.5,103,-139,1.07,0.89,0.49261083743842365,0.5815899581589958,0.4585835715793311,2026-09-05T12:43:49Z,2026-09-05T12:43:49Z,144066,MIL @ CIN,2026-09-05T22:40:00Z,scheduled,False,active
2026-09-05T14:19:32.871230+00:00,339febee-a327-4246-8aba-23fa129bda27,9d90b805-794a-4c5c-a968-634e7f490664,7b64d401-b3a9-4545-ab49-31803530f9be,Framber Valdez,strikeouts,3.5,-136,-102,0.91,1.05,0.576271186440678,0.504950495049505,0.5329815303430079,2026-09-05T13:36:21Z,2026-09-05T13:36:21Z,144436,DET @ CLE,2026-09-05T22:10:00Z,scheduled,False,active
2026-09-05T14:19:32.871230+00:00,c366e7c8-c2d7-44f7-8fa6-191757a20580,61ad5235-f50f-4826-9050-2760c5601f72,db70abb4-834d-42da-a164-25ba01c9b9a7,Sonny Gray,strikeouts,5.5,-134,-102,0.91,1.05,0.5726495726495726,0.504950495049505,0.5314119679597926,2026-09-05T11:15:05Z,2026-09-05T11:15:05Z,142861,BOS @ BAL,2026-09-05T23:05:00Z,scheduled,False,active
2026-09-05T14:19:32.871230+00:00,d8dda885-d95e-4c40-aafe-9e3c3196ba57,b19ef8b3-3e32-44c1-ace4-76aac8c96c93,a0a4c5fe-4e94-4fa0-97bd-baa94fd7c4f3,George Kirby,strikeouts,5.5,100,-136,1.06,0.9,0.5,0.576271186440678,0.4645669291338583,2026-09-05T09:56:03Z,2026-09-05T09:56:03Z,144250,ATH @ SEA,2026-09-06T01:40:00Z,scheduled,False,active
2026-09-05T14:19:32.871230+00:00,e4284d7e-de8a-4893-a709-8c29e4cbc677,90a6b203-e869-4007-bb24-6101469107fa,6478f785-3f47-49a2-bc6d-a425c72ac23e,Andrew Abbott,strikeouts,3.5,-141,104,0.89,1.08,0.5850622406639004,0.49019607843137253,0.544113196125908,2026-09-05T12:29:03Z,2026-09-05T12:29:03Z,144066,MIL @ CIN,2026-09-05T22:40:00Z,scheduled,False,active
2026-09-05T14:19:32.871230+00:00,7bf5c999-a787-4c7e-8405-b58985fc8242,d85ec253-7275-4646-a87b-15aab8ab82d7,e9210ddb-c752-4f1d-90e7-6b25829bb812,Tyler Glasnow,strikeouts,7.5,101,-137,1.06,0.9,0.4975124378109453,0.5780590717299579,0.4625563557585339,2026-09-05T13:44:03Z,2026-09-05T13:44:03Z,143706,WSH @ LAD,2026-09-06T01:10:00Z,scheduled,False,active
2026-09-05T14:19:32.871230+00:00,ea20e6a0-568e-4faa-b518-a9b5b0c59764,39b3d944-7956-45fc-a266-4a1a4377e568,d713be3b-ef28-4438-b269-9f1680350112,Brandon Pfaadt,strikeouts,4.5,-102,-134,1.05,0.91,0.504950495049505,0.5726495726495726,0.4685880320402073,2026-09-05T12:38:48Z,2026-09-05T12:38:48Z,144479,AZ @ HOU,2026-09-05T23:15:00Z,scheduled,False,active
2026-09-05T14:19:32.871230+00:00,5a6f2f97-c4a8-43fb-96bd-c8af1981a0db,21c182cf-5078-4568-b1a1-9402a30357c7,96e59343-f6f6-4f31-a8d8-2ccaadb641ea,Taj Bradley,strikeouts,6.5,-122,-110,1.0,1.0,0.5495495495495496,0.5238095238095238,0.511990407673861,2026-09-05T14:17:03Z,2026-09-05T14:17:03Z,143399,MIN @ CWS,2026-09-05T23:10:00Z,scheduled,False,active
2026-09-05T14:19:32.871230+00:00,2fb4744c-f212-4659-94ee-c11d859989c1,e3aec0f3-8bad-442e-aa13-4aac090619f7,4f1665df-2299-4f99-8315-88786549df30,Jeffrey Springs,strikeouts,4.5,129,-176,1.14,0.81,0.4366812227074236,0.6376811594202898,0.40645617342130075,2026-09-05T13:55:04Z,2026-09-05T13:55:04Z,144250,ATH @ SEA,2026-09-06T01:40:00Z,scheduled,False,active
2026-09-05T14:19:32.871230+00:00,c9651f7a-f1b1-4ffb-a1ac-f483742760d1,bf13fba0-119e-42ff-9f91-d5723c06adb1,3c1407a7-f2e9-43d6-ba9a-d75baa51996c,Matthew Liberatore,strikeouts,5.5,111,-152,1.11,0.86,0.47393364928909953,0.6031746031746031,0.44000558737253803,2026-09-05T13:36:04Z,2026-09-05T13:36:04Z,142477,STL @ COL,2026-09-06T00:10:00Z,scheduled,False,active
2026-09-05T14:19:32.871230+00:00,f228b20e-c452-4537-88de-01fddae7628e,7873791c-1f2d-4f26-81f7-c32928a51910,b3fbad18-741d-44be-9ccd-b4f0833a843d,Max Scherzer,strikeouts,3.5,-122,-112,1.0,1.0,0.5495495495495496,0.5283018867924528,0.5098564895126951,2026-09-05T13:45:48Z,2026-09-05T13:45:48Z,143171,TOR @ KC,2026-09-05T23:10:00Z,scheduled,False,active
2026-09-05T14:19:32.871230+00:00,30459bb2-6aac-49d0-b48b-db5d85f909c1,0948fc0d-066f-41e8-9977-507326f0663d,1780ec99-888d-47c8-87aa-a09447544fd1,Ryan Gusto,strikeouts,3.5,-145,107,0.88,1.09,0.5918367346938775,0.4830917874396135,0.5505824085114189,2026-09-05T12:34:04Z,2026-09-05T12:34:04Z,143249,CHC @ MIA,2026-09-05T20:10:00Z,scheduled,False,active
2026-09-05T14:19:32.871230+00:00,d4a7f780-ec30-438a-ad0c-3077aa0d2d30,e8b2b1a3-226a-454c-8759-33e9981e5312,611e5310-c577-43b7-9cd4-d2e7163e625c,Martín Pérez,strikeouts,3.5,101,-137,1.06,0.9,0.4975124378109453,0.5780590717299579,0.4625563557585339,2026-09-05T14:07:41Z,2026-09-05T14:07:41Z,142671,ATL @ PHI,2026-09-05T22:05:00Z,scheduled,False,active
2026-09-05T14:19:32.871230+00:00,203f9df9-4300-48f0-b0f4-d90d5b9773a0,006101cb-d0c4-42d8-b907-4398764e9ec5,92ea1a11-e075-4dfc-868e-413eba1b6139,Cade Cavalli,strikeouts,5.5,-103,-134,1.05,0.91,0.5073891625615764,0.5726495726495726,0.4697879307656324,2026-09-05T12:42:03Z,2026-09-05T12:42:03Z,143706,WSH @ LAD,2026-09-06T01:10:00Z,scheduled,False,active
2026-09-05T14:19:32.871230+00:00,e69a18f1-373c-4c05-8d01-bc38b018930f,7edaf0d4-af41-458f-9082-ed11d35aa0a7,dfa7a120-7f4e-4c56-b4a4-fe82f157cffe,Braxton Ashcraft,strikeouts,5.5,-154,114,0.85,1.12,0.6062992125984252,0.4672897196261682,0.5647405579546233,2026-09-05T14:14:03Z,2026-09-05T14:14:03Z,144399,LAA @ PIT,2026-09-05T22:40:00Z,scheduled,False,active
2026-09-05T14:19:32.871230+00:00,c845d0ac-1116-4e8f-bc09-d2380deb22ed,d34433a8-18d1-4d92-9c05-c7a1fee07d97,4e3da87f-4e41-4f1b-bfb9-f426cdb9cc74,Javier Assad,strikeouts,3.5,108,-148,1.09,0.87,0.4807692307692308,0.5967741935483871,0.44617156016119747,2026-09-05T11:56:03Z,2026-09-05T11:56:03Z,143249,CHC @ MIA,2026-09-05T20:10:00Z,scheduled,False,active
2026-09-05T14:19:32.871230+00:00,df2b40b0-fc3a-431b-afc3-275f370d4721,5ba46449-c0cf-46d3-a2d4-0705386eb790,6e64b0e7-90bc-40e1-a837-a81cd48621f9,Parker Messick,strikeouts,6.5,108,-148,1.09,0.87,0.4807692307692308,0.5967741935483871,0.44617156016119747,2026-09-05T13:48:12Z,2026-09-05T13:48:12Z,144436,DET @ CLE,2026-09-05T22:10:00Z,scheduled,False,active
2026-09-05T14:19:32.871230+00:00,a1e5baa6-efe0-4a24-8fce-9e04267d3cdb,27d5fde0-083e-4b60-852d-b34c509a138d,d8ab0bfb-4b52-463d-bb18-b7c054e48796,Anthony Molina,strikeouts,3.5,-129,-106,1.0,1.0,0.5633187772925764,0.5145631067961165,0.5226164254247954,2026-09-05T11:16:03Z,2026-09-05T11:16:03Z,142349,SF @ NYM,2026-09-05T20:10:00Z,scheduled,False,active
2026-09-05T14:19:32.871230+00:00,6c02283c-918e-489a-8ada-e1e013d70bab,403b7bbb-e47b-4180-9631-704c45e25793,6c22ff70-0805-4cee-9153-b4c815db7197,Anthony Kay,strikeouts,3.5,-113,-121,1.0,1.0,0.5305164319248826,0.5475113122171946,0.49211760532849874,2026-09-05T11:53:24Z,2026-09-05T11:53:24Z,143399,MIN @ CWS,2026-09-05T23:10:00Z,scheduled,False,active
2026-09-05T14:19:32.871230+00:00,1acf84f2-9bf2-4c06-a57a-1facb73a4c38,8b3efa60-1d9a-4d74-a049-36beebbfd876,861547c6-0433-4120-88f0-247aeb6bcc2a,Ethan Pecko,strikeouts,3.5,-110,-124,1.0,1.0,0.5238095238095238,0.5535714285714286,0.4861878453038673,2026-09-05T13:36:04Z,2026-09-05T13:36:04Z,144479,AZ @ HOU,2026-09-05T23:15:00Z,scheduled,False,active
2026-09-05T14:19:32.871230+00:00,8cbe1ba0-dae4-4168-9158-3c88752a7b63,f18e1c12-850d-47f9-bb51-2e46d07e16cb,7ff96924-4a77-44af-8563-efabc42683c8,Zac Thornton,strikeouts,4.5,-120,-114,1.0,1.0,0.5454545454545454,0.5327102803738317,0.5059101654846335,2026-09-05T13:44:03Z,2026-09-05T13:44:03Z,142349,SF @ NYM,2026-09-05T20:10:00Z,scheduled,False,active
2026-09-05T14:19:32.871230+00:00,520ca594-b702-48ec-9ee0-5fdad5bdf458,555679ce-ff1e-4b00-b534-8e918d32cb1b,59f0b422-dda2-4a0e-abbd-f1e6edc0407c,Mason Adams,strikeouts,3.5,-104,-132,1.05,0.94,0.5098039215686274,0.5689655172413793,0.4725791287997492,2026-09-05T13:42:03Z,2026-09-05T13:42:03Z,142477,STL @ COL,2026-09-06T00:10:00Z,scheduled,False,active
2026-09-05T14:19:32.871230+00:00,992eff9b-9013-4f17-8c20-e54606579a84,5143c3f3-588c-422f-8945-2efb27ac5d60,5d29bea7-9ef3-4eca-b366-983fe5b31fd9,Dustin May,pitch_outs,15.5,102,-139,1.07,0.9,0.49504950495049505,0.5815899581589958,0.45980991958136136,2026-09-05T12:32:04Z,2026-09-05T12:32:04Z,144066,MIL @ CIN,2026-09-05T22:40:00Z,scheduled,False,active
2026-09-05T14:19:32.871230+00:00,ffbf0f22-622f-4934-a839-12f13c1900cc,a53b1c20-daef-41ac-909d-7da0376a2edf,a9054cdf-a94e-4749-aff4-5c7cbee31c25,Carlos Rodón,pitch_outs,15.5,125,-170,1.15,0.82,0.4444444444444444,0.6296296296296297,0.41379310344827586,2026-09-05T13:38:03Z,2026-09-05T13:38:03Z,142883,NYY @ SD,2026-09-05T23:15:00Z,scheduled,False,active
2026-09-05T14:19:32.871230+00:00,2f336655-3baa-4844-afd2-84fae0e57f8c,01d9a6dd-b385-4104-b8c3-7c21a73f4567,7b64d401-b3a9-4545-ab49-31803530f9be,Framber Valdez,pitch_outs,16.5,-136,100,0.91,1.05,0.576271186440678,0.5,0.5354330708661418,2026-09-05T13:45:47Z,2026-09-05T13:45:47Z,144436,DET @ CLE,2026-09-05T22:10:00Z,scheduled,False,active
2026-09-05T14:19:32.871230+00:00,219f5b40-4fee-4327-bee9-11f564479405,5ae9c684-b76b-402a-86ea-60a278bcac78,8efbb831-7fbf-41ca-aafe-9847bb41c8fb,Jacob deGrom,pitch_outs,16.5,-130,-105,0.94,1.05,0.5652173913043478,0.5121951219512195,0.5246062992125985,2026-09-05T12:18:03Z,2026-09-05T12:18:03Z,143014,TB @ TEX,2026-09-05T23:05:00Z,scheduled,False,active
2026-09-05T14:19:32.871230+00:00,ba7ebb24-449a-4c29-a85f-52ebff92c5ec,ecbc5f14-4509-4729-9e1d-5a5ad61e0296,db70abb4-834d-42da-a164-25ba01c9b9a7,Sonny Gray,pitch_outs,17.5,-132,-103,0.91,1.04,0.5689655172413793,0.5073891625615764,0.528604118993135,2026-09-05T11:58:22Z,2026-09-05T11:58:23Z,142861,BOS @ BAL,2026-09-05T23:05:00Z,scheduled,False,active
2026-09-05T14:19:32.871230+00:00,7bdef25f-51e1-4a43-b3a3-13260bda46ab,076ad809-6c19-46e6-8891-0d38cfb416e1,6478f785-3f47-49a2-bc6d-a425c72ac23e,Andrew Abbott,pitch_outs,14.5,-152,111,0.86,1.11,0.6031746031746031,0.47393364928909953,0.5599944126274619,2026-09-05T11:47:04Z,2026-09-05T11:47:04Z,144066,MIL @ CIN,2026-09-05T22:40:00Z,scheduled,False,active
2026-09-05T14:19:32.871230+00:00,7bff0656-d662-48b6-85b7-012374ad55a3,296c549f-2194-45da-88a7-5d80583b1778,e79a82da-9f28-4eeb-b374-f3adf82488b3,Chris Bassitt,pitch_outs,15.5,116,-157,1.1,0.84,0.46296296296296297,0.6108949416342413,0.4311212507548815,2026-09-05T13:06:03Z,2026-09-05T13:06:03Z,142861,BOS @ BAL,2026-09-05T23:05:00Z,scheduled,False,active
2026-09-05T14:19:32.871230+00:00,dd0e02f5-8430-492d-8cba-871c9d00500f,b8cf8372-1245-4f57-ada2-bf1e5c4bf578,e9210ddb-c752-4f1d-90e7-6b25829bb812,Tyler Glasnow,pitch_outs,18.5,120,-164,1.12,0.83,0.45454545454545453,0.6212121212121212,0.4225352112676056,2026-09-05T13:36:04Z,2026-09-05T13:36:04Z,143706,WSH @ LAD,2026-09-06T01:10:00Z,scheduled,False,active
2026-09-05T14:19:32.871230+00:00,12475b71-9207-4239-949f-409e08da2071,b8a02278-4d0d-4a55-a97d-457158071e42,87f7e9c7-de24-4a5f-bba5-ffaaa9871e1d,Seth Lugo,pitch_outs,17.5,-127,-107,1.0,1.0,0.5594713656387665,0.5169082125603864,0.519771442128989,2026-09-05T14:08:03Z,2026-09-05T14:08:03Z,143171,TOR @ KC,2026-09-05T23:10:00Z,scheduled,False,active
2026-09-05T14:19:32.871230+00:00,c73c1434-fe28-4c44-b1aa-157b1c85eec4,14b40eea-7fd9-45b8-9cac-b8f32f027887,d713be3b-ef28-4438-b269-9f1680350112,Brandon Pfaadt,pitch_outs,17.5,-150,111,0.86,1.11,0.6,0.47393364928909953,0.5586937334510149,2026-09-05T13:58:04Z,2026-09-05T13:58:04Z,144479,AZ @ HOU,2026-09-05T23:15:00Z,scheduled,False,active
2026-09-05T14:19:32.871230+00:00,ae2e4f4e-38e5-49c0-b440-e2565b833d53,3a94da49-c214-4b0b-a587-3ac6efd891ab,96e59343-f6f6-4f31-a8d8-2ccaadb641ea,Taj Bradley,pitch_outs,17.5,-127,-107,1.0,1.0,0.5594713656387665,0.5169082125603864,0.519771442128989,2026-09-05T14:15:04Z,2026-09-05T14:15:04Z,143399,MIN @ CWS,2026-09-05T23:10:00Z,scheduled,False,active
2026-09-05T14:19:32.871230+00:00,02e814ab-b585-4e18-b6a3-9f1db2176454,05ba16ca-221e-4bf1-8498-2e307708ffdf,4f1665df-2299-4f99-8315-88786549df30,Jeffrey Springs,pitch_outs,15.5,113,-154,1.12,0.86,0.4694835680751174,0.6062992125984252,0.43641111989278725,2026-09-05T11:37:04Z,2026-09-05T11:37:04Z,144250,ATH @ SEA,2026-09-06T01:40:00Z,scheduled,False,active
2026-09-05T14:19:32.871230+00:00,3a315f2c-b75f-4b08-bccc-c85b7f322449,9c453b6f-7d64-4c92-afd0-43e30f4bad32,3c1407a7-f2e9-43d6-ba9a-d75baa51996c,Matthew Liberatore,pitch_outs,16.5,-136,100,0.9,1.06,0.576271186440678,0.5,0.5354330708661418,2026-09-05T13:30:06Z,2026-09-05T13:30:06Z,142477,STL @ COL,2026-09-06T00:10:00Z,scheduled,False,active
2026-09-05T14:19:32.871230+00:00,3c0f5459-8ccd-46ba-9b76-33a5cbeda16b,bb7e7867-db1a-46bf-8cea-7908a5d9a2f5,b3fbad18-741d-44be-9ccd-b4f0833a843d,Max Scherzer,pitch_outs,15.5,113,-152,1.12,0.86,0.4694835680751174,0.6031746031746031,0.43768236765318885,2026-09-05T14:04:15Z,2026-09-05T14:04:15Z,143171,TOR @ KC,2026-09-05T23:10:00Z,scheduled,False,active
2026-09-05T14:19:32.871230+00:00,8e9cc318-3a8a-4466-9b94-3aa672f80180,4ba254fc-8c9a-46b1-8633-794c894ba663,1780ec99-888d-47c8-87aa-a09447544fd1,Ryan Gusto,pitch_outs,14.5,108,-145,1.09,0.87,0.4807692307692308,0.5918367346938775,0.4482253933406513,2026-09-05T13:40:04Z,2026-09-05T13:40:04Z,143249,CHC @ MIA,2026-09-05T20:10:00Z,scheduled,False,active
2026-09-05T14:19:32.871230+00:00,8b1889b5-c3db-4135-b85b-7b56cf5d9560,c2b3a8eb-26d4-4ad2-ac11-a2fd55b4bb74,611e5310-c577-43b7-9cd4-d2e7163e625c,Martín Pérez,pitch_outs,14.5,-139,103,0.89,1.08,0.5815899581589958,0.49261083743842365,0.5414164284206688,2026-09-05T13:10:04Z,2026-09-05T13:10:04Z,142671,ATL @ PHI,2026-09-05T22:05:00Z,scheduled,False,active
2026-09-05T14:19:32.871230+00:00,3a14f650-debb-4ff9-b82d-8fe96c63128b,362fd2e0-f148-4394-8cb1-55fe8b78165b,92ea1a11-e075-4dfc-868e-413eba1b6139,Cade Cavalli,pitch_outs,15.5,-102,-134,1.05,0.91,0.504950495049505,0.5726495726495726,0.4685880320402073,2026-09-05T13:38:41Z,2026-09-05T13:38:41Z,143706,WSH @ LAD,2026-09-06T01:10:00Z,scheduled,False,active
2026-09-05T14:19:32.871230+00:00,eafb191b-c8b1-40c4-8a5f-84011e981714,acd49a59-e94f-4b14-9b4c-84e920433f2e,dfa7a120-7f4e-4c56-b4a4-fe82f157cffe,Braxton Ashcraft,pitch_outs,16.5,-136,100,0.9,1.06,0.576271186440678,0.5,0.5354330708661418,2026-09-05T13:27:03Z,2026-09-05T13:27:03Z,144399,LAA @ PIT,2026-09-05T22:40:00Z,scheduled,False,active
2026-09-05T14:19:32.871230+00:00,2b5737b8-90f3-4d0a-ba83-e45d0cd15732,8baad491-946b-476e-82bf-00a08f0fe1cd,4e3da87f-4e41-4f1b-bfb9-f426cdb9cc74,Javier Assad,pitch_outs,14.5,-130,-105,0.95,1.04,0.5652173913043478,0.5121951219512195,0.5246062992125985,2026-09-05T11:56:03Z,2026-09-05T11:56:03Z,143249,CHC @ MIA,2026-09-05T20:10:00Z,scheduled,False,active
2026-09-05T14:19:32.871230+00:00,0c00058b-0137-4b7b-963a-bc67b5a9fa85,4bbf117f-aa10-4ed6-b9ed-7f81c259bbe0,6e64b0e7-90bc-40e1-a837-a81cd48621f9,Parker Messick,pitch_outs,18.5,143,-193,1.21,0.78,0.411522633744856,0.658703071672355,0.3845194818829643,2026-09-05T11:52:03Z,2026-09-05T11:52:03Z,144436,DET @ CLE,2026-09-05T22:10:00Z,scheduled,False,active
2026-09-05T14:19:32.871230+00:00,8d2ae99b-3122-46da-879f-3c3f1d7e47f1,b4bf18f2-2bb5-4a46-bae0-c8296f25bd17,861547c6-0433-4120-88f0-247aeb6bcc2a,Ethan Pecko,pitch_outs,14.5,-167,122,0.83,1.14,0.6254681647940075,0.45045045045045046,0.5813340859911562,2026-09-05T13:49:03Z,2026-09-05T13:49:03Z,144479,AZ @ HOU,2026-09-05T23:15:00Z,scheduled,False,active
2026-09-05T14:19:32.871230+00:00,420985a0-fa18-45f6-94bd-430617c6bcc1,f2826c56-c0b5-4466-a858-ed3a87ac404d,59f0b422-dda2-4a0e-abbd-f1e6edc0407c,Mason Adams,pitch_outs,14.5,119,-162,1.12,0.84,0.45662100456621,0.6183206106870229,0.4247867959402056,2026-09-05T13:34:15Z,2026-09-05T13:34:15Z,142477,STL @ COL,2026-09-06T00:10:00Z,scheduled,False,active
2026-09-05T14:19:32.871230+00:00,a4beb06d-5925-4efb-966d-4d9bb05e7d45,b3b00266-25a9-41fb-a524-b5f406b582ed,7ff96924-4a77-44af-8563-efabc42683c8,Zac Thornton,pitch_outs,16.5,-134,-103,0.91,1.05,0.5726495726495726,0.5073891625615764,0.5302120692343677,2026-09-05T10:22:04Z,2026-09-05T10:22:04Z,142349,SF @ NYM,2026-09-05T20:10:00Z,scheduled,False,active
2026-09-05T14:19:32.871230+00:00,cf7813e0-3f39-4998-8fe3-2daea13832c6,3159c5a1-f655-4368-89d2-87f1f33bf1b2,ca0ae197-16b0-458c-b965-1ff0820bb8d2,Zack Wheeler,runs_allowed,2.5,132,-179,1.15,0.81,0.43103448275862066,0.6415770609318996,0.4018551593017226,2026-09-05T14:14:03Z,2026-09-05T14:14:03Z,142671,ATL @ PHI,2026-09-05T22:05:00Z,scheduled,False,active
2026-09-05T14:19:32.871230+00:00,c4260cb9-31e3-4dac-ab76-01035400bc34,216404cd-22f2-4797-8938-b2eecc1c9b24,7b64d401-b3a9-4545-ab49-31803530f9be,Framber Valdez,runs_allowed,2.5,-102,-134,1.05,0.91,0.504950495049505,0.5726495726495726,0.4685880320402073,2026-09-05T11:09:15Z,2026-09-05T11:09:15Z,144436,DET @ CLE,2026-09-05T22:10:00Z,scheduled,False,active
2026-09-05T14:19:32.871230+00:00,7f215dfc-aa4d-415d-818c-e56fbda22eaf,06f6ccc3-5ad9-453f-849b-e0f56befe8df,5d29bea7-9ef3-4eca-b366-983fe5b31fd9,Dustin May,runs_allowed,2.5,-104,-130,1.05,0.94,0.5098039215686274,0.5652173913043478,0.4742268041237114,2026-09-05T12:10:44Z,2026-09-05T12:10:44Z,144066,MIL @ CIN,2026-09-05T22:40:00Z,scheduled,False,active
2026-09-05T14:19:32.871230+00:00,155ed135-204b-45ca-bc69-3cbb92176eb0,df6494e2-75eb-45db-80bc-b8b1d5538a0d,8efbb831-7fbf-41ca-aafe-9847bb41c8fb,Jacob deGrom,runs_allowed,1.5,-150,110,0.87,1.1,0.6,0.47619047619047616,0.5575221238938053,2026-09-05T10:08:03Z,2026-09-05T10:08:03Z,143014,TB @ TEX,2026-09-05T23:05:00Z,scheduled,False,active
2026-09-05T14:19:32.871230+00:00,953729c4-6027-49ea-bb0b-ead3ceb16d86,b3f74cad-e3a9-48c1-bead-ed110f65b865,051061cf-f985-4ee9-8cac-127e20565b4a,Robbie Ray,runs_allowed,2.5,118,-159,1.11,0.84,0.45871559633027525,0.6138996138996139,0.42766090948119284,2026-09-05T14:02:04Z,2026-09-05T14:02:04Z,142883,NYY @ SD,2026-09-05T23:15:00Z,scheduled,False,active
2026-09-05T14:19:32.871230+00:00,d39b5f82-a7cf-4768-9019-5815e65d60a3,566d12cd-7972-4269-aa11-24fe32e7582e,80c1b8b7-3705-44e7-a3d1-65014950b727,Yusei Kikuchi,runs_allowed,2.5,-102,-134,1.05,0.91,0.504950495049505,0.5726495726495726,0.4685880320402073,2026-09-05T14:05:28Z,2026-09-05T14:05:28Z,144399,LAA @ PIT,2026-09-05T22:40:00Z,scheduled,False,active
2026-09-05T14:19:32.871230+00:00,49110088-fca9-4a5f-8cb8-a24468066f8f,037ae759-066b-4046-ac90-7f19bcbd63f3,a0a4c5fe-4e94-4fa0-97bd-baa94fd7c4f3,George Kirby,runs_allowed,1.5,-150,111,0.86,1.11,0.6,0.47393364928909953,0.5586937334510149,2026-09-05T11:16:03Z,2026-09-05T11:16:03Z,144250,ATH @ SEA,2026-09-06T01:40:00Z,scheduled,False,active
2026-09-05T14:19:32.871230+00:00,083f7a38-70f7-420d-ba78-e6a895fcf6a9,afd267e9-8994-4365-82af-f3077b7015ab,6478f785-3f47-49a2-bc6d-a425c72ac23e,Andrew Abbott,runs_allowed,2.5,-141,102,0.88,1.07,0.5850622406639004,0.49504950495049505,0.5416682514929063,2026-09-05T12:34:51Z,2026-09-05T12:39:40Z,144066,MIL @ CIN,2026-09-05T22:40:00Z,scheduled,False,active
2026-09-05T14:19:32.871230+00:00,741fd544-a1e8-42f9-9197-4c871c7d4dd5,c8f34a53-d3f8-4be7-8c37-dd92eac99fcc,e9210ddb-c752-4f1d-90e7-6b25829bb812,Tyler Glasnow,runs_allowed,1.5,-104,-130,1.05,0.94,0.5098039215686274,0.5652173913043478,0.4742268041237114,2026-09-05T13:36:04Z,2026-09-05T13:36:04Z,143706,WSH @ LAD,2026-09-06T01:10:00Z,scheduled,False,active
2026-09-05T14:19:32.871230+00:00,11a44b05-c90f-43d4-b6ab-bbeff3793496,d49bbedb-c8e6-4d48-8033-091872c182d6,d713be3b-ef28-4438-b269-9f1680350112,Brandon Pfaadt,runs_allowed,2.5,-132,-103,0.91,1.04,0.5689655172413793,0.5073891625615764,0.528604118993135,2026-09-05T13:58:04Z,2026-09-05T13:58:04Z,144479,AZ @ HOU,2026-09-05T23:15:00Z,scheduled,False,active
2026-09-05T14:19:32.871230+00:00,1bb3cb72-d3e9-441d-9c0d-a0ccbdafa60f,ae7bf86e-1c9c-4ed8-8923-ba2927b40877,96e59343-f6f6-4f31-a8d8-2ccaadb641ea,Taj Bradley,runs_allowed,2.5,111,-150,1.11,0.86,0.47393364928909953,0.6,0.44130626654898497,2026-09-05T14:15:04Z,2026-09-05T14:15:04Z,143399,MIN @ CWS,2026-09-05T23:10:00Z,scheduled,False,active
2026-09-05T14:19:32.871230+00:00,c862cc67-c467-48ae-a6a9-377ff9d64ae2,fca7c276-892d-4091-8a27-10f46bac5d28,3c1407a7-f2e9-43d6-ba9a-d75baa51996c,Matthew Liberatore,runs_allowed,2.5,-141,104,0.89,1.08,0.5850622406639004,0.49019607843137253,0.544113196125908,2026-09-05T12:13:03Z,2026-09-05T12:13:03Z,142477,STL @ COL,2026-09-06T00:10:00Z,scheduled,False,active
2026-09-05T14:19:32.871230+00:00,fb59d092-3f42-4998-be28-c5de10290c08,a614049f-8041-4261-8f4f-94269861a7d1,b3fbad18-741d-44be-9ccd-b4f0833a843d,Max Scherzer,runs_allowed,2.5,-132,-103,0.91,1.04,0.5689655172413793,0.5073891625615764,0.528604118993135,2026-09-05T14:12:44Z,2026-09-05T14:12:44Z,143171,TOR @ KC,2026-09-05T23:10:00Z,scheduled,False,active
2026-09-05T14:19:32.871230+00:00,6ebb984e-1f94-4774-8f2e-f1d94391d482,eb61529a-83bb-4323-9366-131ee731d209,1780ec99-888d-47c8-87aa-a09447544fd1,Ryan Gusto,runs_allowed,1.5,-157,116,0.84,1.1,0.6108949416342413,0.46296296296296297,0.5688787492451184,2026-09-05T13:42:03Z,2026-09-05T13:42:03Z,143249,CHC @ MIA,2026-09-05T20:10:00Z,scheduled,False,active
2026-09-05T14:19:32.871230+00:00,4cc3536c-7a0c-4571-87aa-4fb307852392,be2987e7-4c22-4877-89f1-f7c39914d560,92ea1a11-e075-4dfc-868e-413eba1b6139,Cade Cavalli,runs_allowed,2.5,127,-173,1.16,0.82,0.44052863436123346,0.6336996336996337,0.410088476964444,2026-09-05T12:50:03Z,2026-09-05T12:50:03Z,143706,WSH @ LAD,2026-09-06T01:10:00Z,scheduled,False,active
2026-09-05T14:19:32.871230+00:00,9fed04b1-9963-4939-b423-14dd86c0b324,7aa35c7d-d30a-4d04-ba40-def0bfdb2927,dfa7a120-7f4e-4c56-b4a4-fe82f157cffe,Braxton Ashcraft,runs_allowed,1.5,-103,-132,1.04,0.91,0.5073891625615764,0.5689655172413793,0.471395881006865,2026-09-05T13:33:53Z,2026-09-05T13:33:53Z,144399,LAA @ PIT,2026-09-05T22:40:00Z,scheduled,False,active
2026-09-05T14:19:32.871230+00:00,14f0a522-7011-43ec-ac89-175beebcd071,643ea657-10a8-4279-9fc1-117e1a207d8b,4e3da87f-4e41-4f1b-bfb9-f426cdb9cc74,Javier Assad,runs_allowed,1.5,-139,103,0.89,1.08,0.5815899581589958,0.49261083743842365,0.5414164284206688,2026-09-05T11:56:03Z,2026-09-05T11:56:03Z,143249,CHC @ MIA,2026-09-05T20:10:00Z,scheduled,False,active
2026-09-05T14:19:32.871230+00:00,222fd1ae-e76d-4b4f-8c4c-5074df86b173,f4e29a2f-7301-4079-8a48-c138b8ddb19d,6e64b0e7-90bc-40e1-a837-a81cd48621f9,Parker Messick,runs_allowed,1.5,-130,-105,0.95,1.04,0.5652173913043478,0.5121951219512195,0.5246062992125985,2026-09-05T13:50:06Z,2026-09-05T13:50:06Z,144436,DET @ CLE,2026-09-05T22:10:00Z,scheduled,False,active
2026-09-05T14:19:32.871230+00:00,5bd06e73-518d-472b-ada2-89b9388b9371,4b867329-f0ce-4bf1-82dc-d2022d489655,d8ab0bfb-4b52-463d-bb18-b7c054e48796,Anthony Molina,runs_allowed,2.5,-102,-134,1.05,0.91,0.504950495049505,0.5726495726495726,0.4685880320402073,2026-09-05T12:40:44Z,2026-09-05T12:40:44Z,142349,SF @ NYM,2026-09-05T20:10:00Z,scheduled,False,active
2026-09-05T14:19:32.871230+00:00,ba6dc625-427e-4f7a-962f-ab19e9c8b594,dd1fe9af-0405-41c2-a46a-d96ad502ef37,861547c6-0433-4120-88f0-247aeb6bcc2a,Ethan Pecko,runs_allowed,2.5,103,-139,1.07,0.89,0.49261083743842365,0.5815899581589958,0.4585835715793311,2026-09-05T13:58:04Z,2026-09-05T13:58:04Z,144479,AZ @ HOU,2026-09-05T23:15:00Z,scheduled,False,active
2026-09-05T14:19:32.871230+00:00,6998ec11-04d6-4239-a5f6-e808167b5d98,c32fb68d-4679-4055-9c80-8aa07484d8a6,ca0ae197-16b0-458c-b965-1ff0820bb8d2,Zack Wheeler,walks_allowed,1.5,-117,-106,1.0,1.0,0.5391705069124424,0.5145631067961165,0.5116762907608695,2026-09-05T09:58:02Z,2026-09-05T09:58:02Z,142671,ATL @ PHI,2026-09-05T22:05:00Z,scheduled,False,active
2026-09-05T14:19:32.871230+00:00,69af29a8-7309-4fd4-825d-c39ce11915e5,f8e872f8-7d2c-4f2b-b616-b7761484c254,5d29bea7-9ef3-4eca-b366-983fe5b31fd9,Dustin May,walks_allowed,1.5,-127,101,0.91,1.05,0.5594713656387665,0.4975124378109453,0.5293093080639476,2026-09-05T11:12:20Z,2026-09-05T13:34:25Z,144066,MIL @ CIN,2026-09-05T22:40:00Z,scheduled,False,active
2026-09-05T14:19:32.871230+00:00,a9a732b8-6b22-4ae4-a448-b73e39ff4d5f,fb6aa14d-f557-4458-bb7b-800e19e8727c,8efbb831-7fbf-41ca-aafe-9847bb41c8fb,Jacob deGrom,walks_allowed,1.5,118,-145,1.12,0.85,0.45871559633027525,0.5918367346938775,0.43664230974870794,2026-09-05T12:59:01Z,2026-09-05T12:59:01Z,143014,TB @ TEX,2026-09-05T23:05:00Z,scheduled,False,active
2026-09-05T14:19:32.871230+00:00,f6f95c3f-f214-4111-93a4-2ff8a15389ca,331ae9ad-5700-4752-a9b4-2b782d1c0417,a9054cdf-a94e-4749-aff4-5c7cbee31c25,Carlos Rodón,walks_allowed,2.5,156,-200,1.25,0.76,0.390625,0.6666666666666666,0.3694581280788178,2026-09-05T12:11:27Z,2026-09-05T08:44:02Z,142883,NYY @ SD,2026-09-05T23:15:00Z,scheduled,False,active
2026-09-05T14:19:32.871230+00:00,45a6ce3e-81eb-471e-8578-999fc0f89d0c,d477530f-7143-41e0-b0a9-a2129fd72b3e,7b64d401-b3a9-4545-ab49-31803530f9be,Framber Valdez,walks_allowed,1.5,-157,127,0.83,1.14,0.6108949416342413,0.44052863436123346,0.5810169712580904,2026-09-05T13:46:35Z,2026-09-05T13:46:35Z,144436,DET @ CLE,2026-09-05T22:10:00Z,scheduled,False,active
2026-09-05T14:19:32.871230+00:00,c789505b-c8b0-4b52-816e-85f6e5af670a,cb733580-6f6f-40c1-92ad-9551ecfeb9b9,e9210ddb-c752-4f1d-90e7-6b25829bb812,Tyler Glasnow,walks_allowed,1.5,-129,105,0.9,1.06,0.5633187772925764,0.4878048780487805,0.5359205593271862,2026-09-05T13:20:01Z,2026-09-05T13:20:01Z,143706,WSH @ LAD,2026-09-06T01:10:00Z,scheduled,False,active
2026-09-05T14:19:32.871230+00:00,85119b5a-96c6-40f8-a082-722b0ab52651,556578c7-9b35-4e13-9809-19fe4b757963,e79a82da-9f28-4eeb-b374-f3adf82488b3,Chris Bassitt,walks_allowed,1.5,-154,127,0.83,1.13,0.6062992125984252,0.44052863436123346,0.5791775738096027,2026-09-05T12:14:52Z,2026-09-05T11:15:56Z,142861,BOS @ BAL,2026-09-05T23:05:00Z,scheduled,False,active
2026-09-05T14:19:32.871230+00:00,887fe8ae-8f0d-41e0-a2c6-4531dc75d90c,f420b2b9-6a1d-4e9a-a276-4e72a6bb4fd0,d713be3b-ef28-4438-b269-9f1680350112,Brandon Pfaadt,walks_allowed,1.5,105,-129,1.06,0.9,0.4878048780487805,0.5633187772925764,0.4640794406728139,2026-09-05T14:08:49Z,2026-09-05T14:08:49Z,144479,AZ @ HOU,2026-09-05T23:15:00Z,scheduled,False,active
2026-09-05T14:19:32.871230+00:00,9a9bbc9f-2e17-4068-a93f-a6b610f7a5f6,6b4eb5a4-841f-49e8-8cd4-de7a19f68267,96e59343-f6f6-4f31-a8d8-2ccaadb641ea,Taj Bradley,walks_allowed,2.5,126,-154,1.13,0.83,0.4424778761061947,0.6062992125984252,0.42189887715101987,2026-09-05T14:18:23Z,2026-09-05T14:18:23Z,143399,MIN @ CWS,2026-09-05T23:10:00Z,scheduled,False,active
2026-09-05T14:19:32.871230+00:00,01b12d03-5a87-4f83-8600-8539f2883c52,ae06b155-0d27-4103-9548-6417379bf5aa,3c1407a7-f2e9-43d6-ba9a-d75baa51996c,Matthew Liberatore,walks_allowed,1.5,118,-143,1.12,0.86,0.45871559633027525,0.588477366255144,0.43804304719327974,2026-09-05T07:15:20Z,2026-09-05T12:13:09Z,142477,STL @ COL,2026-09-06T00:10:00Z,scheduled,False,active
2026-09-05T14:19:32.871230+00:00,55aaf2ed-61ee-4144-b504-9d1cae44bd5b,7bea6dff-c4a2-42a7-a39d-e4e601ab5894,e8fe5be7-a748-4ed5-8c5c-86c8996e60dd,Drew Rasmussen,walks_allowed,1.5,122,-150,1.11,0.84,0.45045045045045046,0.6,0.42881646655231564,2026-09-05T13:44:00Z,2026-09-05T13:44:00Z,143014,TB @ TEX,2026-09-05T23:05:00Z,scheduled,False,active
2026-09-05T14:19:32.871230+00:00,b45a00a0-21df-4b28-898b-d67187a3803a,e821392b-890d-45c1-b041-c527e4c84dbf,b3fbad18-741d-44be-9ccd-b4f0833a843d,Max Scherzer,walks_allowed,1.5,101,-124,1.05,0.94,0.4975124378109453,0.5535714285714286,0.47333276984194067,2026-09-05T14:08:01Z,2026-09-05T14:08:01Z,143171,TOR @ KC,2026-09-05T23:10:00Z,scheduled,False,active
2026-09-05T14:19:32.871230+00:00,121d4594-755c-4c87-800c-c008278b54a7,33289bae-4bd1-47a4-9d19-5dbc65eceaf8,1780ec99-888d-47c8-87aa-a09447544fd1,Ryan Gusto,walks_allowed,1.5,146,-179,1.2,0.79,0.4065040650406504,0.6415770609318996,0.38785553423971975,2026-09-05T13:42:01Z,2026-09-05T13:42:01Z,143249,CHC @ MIA,2026-09-05T20:10:00Z,scheduled,False,active
2026-09-05T14:19:32.871230+00:00,9070db9a-aefd-48fa-b233-dc3cb4fe8baf,010b9596-ae96-4cc2-a2b2-65c800b4cb95,92ea1a11-e075-4dfc-868e-413eba1b6139,Cade Cavalli,walks_allowed,2.5,127,-157,1.13,0.83,0.44052863436123346,0.6108949416342413,0.41898302874190974,2026-09-05T13:41:18Z,2026-09-05T13:41:18Z,143706,WSH @ LAD,2026-09-06T01:10:00Z,scheduled,False,active
2026-09-05T14:19:32.871230+00:00,b584585b-aad0-402b-8b2c-34620b6dd76d,bbe51232-515f-4261-9cb1-27a3c28be9e6,611e5310-c577-43b7-9cd4-d2e7163e625c,Martín Pérez,walks_allowed,1.5,-113,-109,1.0,1.0,0.5305164319248826,0.5215311004784688,0.5042704018448135,2026-09-05T09:58:21Z,2026-09-05T09:58:21Z,142671,ATL @ PHI,2026-09-05T22:05:00Z,scheduled,False,active
2026-09-05T14:19:32.871230+00:00,e16912c0-0834-4e39-a0a0-72eed3ea3130,03f113f4-c619-4f33-86dc-aed4c218c4bb,dfa7a120-7f4e-4c56-b4a4-fe82f157cffe,Braxton Ashcraft,walks_allowed,0.5,-213,170,0.74,1.32,0.6805111821086262,0.37037037037037035,0.6475622114626731,2026-09-05T12:52:01Z,2026-09-05T12:52:01Z,144399,LAA @ PIT,2026-09-05T22:40:00Z,scheduled,False,active
2026-09-05T14:19:32.871230+00:00,de327a7f-22b8-4e9c-b651-94c26ff3d840,38f34c11-f5b2-4b0c-a024-b3a59efbfc42,4e3da87f-4e41-4f1b-bfb9-f426cdb9cc74,Javier Assad,walks_allowed,1.5,100,-122,1.0,1.0,0.5,0.5495495495495496,0.47639484978540764,2026-09-05T10:30:11Z,2026-09-05T10:30:11Z,143249,CHC @ MIA,2026-09-05T20:10:00Z,scheduled,False,active
2026-09-05T14:19:32.871230+00:00,e92d8ad6-3ddc-403c-829a-9d103ade1819,955326dd-b299-4e9f-bff5-0854749a6424,6e64b0e7-90bc-40e1-a837-a81cd48621f9,Parker Messick,walks_allowed,1.5,-148,120,0.85,1.1,0.5967741935483871,0.45454545454545453,0.5676429567642958,2026-09-05T13:18:01Z,2026-09-05T13:18:01Z,144436,DET @ CLE,2026-09-05T22:10:00Z,scheduled,False,active
2026-09-05T14:19:32.871230+00:00,8df08042-fa96-4ba9-9489-dc309d8d3d08,99192d44-20cd-4cf3-befe-3d8c2d683d69,861547c6-0433-4120-88f0-247aeb6bcc2a,Ethan Pecko,walks_allowed,2.5,130,-162,1.15,0.82,0.43478260869565216,0.6183206106870229,0.4128584935392373,2026-09-05T09:30:02Z,2026-09-05T09:30:02Z,144479,AZ @ HOU,2026-09-05T23:15:00Z,scheduled,False,active
2026-09-05T14:19:32.871230+00:00,64716899-c1de-45a2-81a4-143b95a91b43,62057acb-aa27-4f97-9902-650452d942b5,7ff96924-4a77-44af-8563-efabc42683c8,Zac Thornton,walks_allowed,1.5,164,-205,1.29,0.75,0.3787878787878788,0.6721311475409836,0.36043488536988894,2026-09-05T09:57:23Z,2026-09-05T06:16:58Z,142349,SF @ NYM,2026-09-05T20:10:00Z,scheduled,False,active
2026-09-05T14:19:32.871230+00:00,abc12a5a-6b92-4f63-86dd-7bbd5058c1c0,ff674e30-7007-4b3a-a500-b36d3b84b7d9,6c22ff70-0805-4cee-9153-b4c815db7197,Anthony Kay,walks_allowed,1.5,-134,110,0.89,1.08,0.5726495726495726,0.47619047619047616,0.5459837019790454,2026-09-05T14:18:48Z,2026-09-05T14:18:29Z,143399,MIN @ CWS,2026-09-05T23:10:00Z,scheduled,False,active
2026-09-05T14:19:32.871230+00:00,c129dfd9-46c5-411b-8218-7264b2a8c0d1,bf27872c-a424-48d3-b514-056385bfb439,ca0ae197-16b0-458c-b965-1ff0820bb8d2,Zack Wheeler,hits_allowed,4.5,-134,-112,1.0,1.0,0.5726495726495726,0.5283018867924528,0.5201406181338801,2026-09-05T13:44:06Z,2026-09-05T13:44:06Z,142671,ATL @ PHI,2026-09-05T22:05:00Z,scheduled,False,active
2026-09-05T14:19:32.871230+00:00,ec04c0a2-cc4c-470d-9646-62220432cb30,a7ed4fb0-f363-45d3-9932-207c7234cc56,5d29bea7-9ef3-4eca-b366-983fe5b31fd9,Dustin May,hits_allowed,4.5,-170,114,0.84,1.12,0.6296296296296297,0.4672897196261682,0.5739981066582519,2026-09-05T12:32:33Z,2026-09-05T12:32:33Z,144066,MIL @ CIN,2026-09-05T22:40:00Z,scheduled,False,active
2026-09-05T14:19:32.871230+00:00,6d097436-6d66-4636-a1ae-751b5eedcc53,c22f7163-5bd9-444a-8b83-1ffd06f86799,051061cf-f985-4ee9-8cac-127e20565b4a,Robbie Ray,hits_allowed,4.5,-105,-143,1.06,0.9,0.5121951219512195,0.588477366255144,0.46534743753419655,2026-09-05T13:47:04Z,2026-09-05T13:47:04Z,142883,NYY @ SD,2026-09-05T23:15:00Z,scheduled,False,active
2026-09-05T14:19:32.871230+00:00,341c4b88-5944-4a94-8ffc-d6e279c2e346,0247e367-ff75-48b9-853d-6f9af9c2b073,8efbb831-7fbf-41ca-aafe-9847bb41c8fb,Jacob deGrom,hits_allowed,4.5,-114,-130,1.0,1.0,0.5327102803738317,0.5652173913043478,0.4851961509992598,2026-09-05T12:58:35Z,2026-09-05T12:58:35Z,143014,TB @ TEX,2026-09-05T23:05:00Z,scheduled,False,active
2026-09-05T14:19:32.871230+00:00,5b8b5c68-fac2-432e-8688-65a45a6ad24b,9d6c1da0-8828-4d84-9da2-e1ae7f7dd828,7b64d401-b3a9-4545-ab49-31803530f9be,Framber Valdez,hits_allowed,5.5,-120,-125,1.0,1.0,0.5454545454545454,0.5555555555555556,0.4954128440366972,2026-09-05T11:49:04Z,2026-09-05T11:49:04Z,144436,DET @ CLE,2026-09-05T22:10:00Z,scheduled,False,active
2026-09-05T14:19:32.871230+00:00,edb3c3f4-818e-48e1-ad1e-7f94456e6799,b373c6c6-65fe-44f6-ab92-bb7e0c0381aa,db70abb4-834d-42da-a164-25ba01c9b9a7,Sonny Gray,hits_allowed,4.5,-157,104,0.87,1.1,0.6108949416342413,0.49019607843137253,0.5548087583148559,2026-09-05T10:51:04Z,2026-09-05T10:51:04Z,142861,BOS @ BAL,2026-09-05T23:05:00Z,scheduled,False,active
2026-09-05T14:19:32.871230+00:00,e094d09f-bbeb-4aed-b1e3-296b33e5803f,e39976d4-2f85-4bf7-a053-498f36585526,a0a4c5fe-4e94-4fa0-97bd-baa94fd7c4f3,George Kirby,hits_allowed,4.5,-164,110,0.85,1.1,0.6212121212121212,0.47619047619047616,0.5660749506903353,2026-09-05T09:28:08Z,2026-09-05T09:28:08Z,144250,ATH @ SEA,2026-09-06T01:40:00Z,scheduled,False,active
2026-09-05T14:19:32.871230+00:00,2dd35313-9514-4cf0-a3fd-8cc5abf316bd,a060632e-0714-49f4-af40-d3ccecb98c32,6478f785-3f47-49a2-bc6d-a425c72ac23e,Andrew Abbott,hits_allowed,5.5,-106,-141,1.05,0.91,0.5145631067961165,0.5850622406639004,0.467944021101993,2026-09-05T11:58:43Z,2026-09-05T11:58:43Z,144066,MIL @ CIN,2026-09-05T22:40:00Z,scheduled,False,active
2026-09-05T14:19:32.871230+00:00,9891e259-104d-4cfc-8dec-6788e9f995ed,51dcd1fb-a667-4182-a663-3fc4c3f592f1,e79a82da-9f28-4eeb-b374-f3adf82488b3,Chris Bassitt,hits_allowed,5.5,113,-170,1.12,0.84,0.4694835680751174,0.6296296296296297,0.4271476032273374,2026-09-05T14:19:03Z,2026-09-05T14:19:03Z,142861,BOS @ BAL,2026-09-05T23:05:00Z,scheduled,False,active
2026-09-05T14:19:32.871230+00:00,49136f2e-fae4-4fc6-9bdd-fe36fd584c02,2e76305f-1a45-4844-ae13-18ff9717d859,e9210ddb-c752-4f1d-90e7-6b25829bb812,Tyler Glasnow,hits_allowed,3.5,-141,-107,0.91,1.05,0.5850622406639004,0.5169082125603864,0.5309237093898934,2026-09-05T13:42:03Z,2026-09-05T13:42:03Z,143706,WSH @ LAD,2026-09-06T01:10:00Z,scheduled,False,active
2026-09-05T14:19:32.871230+00:00,32150140-c7d0-4b27-8d39-a017100a0441,0a06ce4a-8e1d-4b1c-a9b5-3467a5ada813,d713be3b-ef28-4438-b269-9f1680350112,Brandon Pfaadt,hits_allowed,5.5,-143,-105,0.9,1.06,0.588477366255144,0.5121951219512195,0.5346525624658033,2026-09-05T13:47:02Z,2026-09-05T13:47:02Z,144479,AZ @ HOU,2026-09-05T23:15:00Z,scheduled,False,active
2026-09-05T14:19:32.871230+00:00,8aff46aa-7f63-43f3-9957-45eb84daf4d7,c21b1fc4-156a-4b0a-bd6e-3b5e4cde79d3,96e59343-f6f6-4f31-a8d8-2ccaadb641ea,Taj Bradley,hits_allowed,4.5,-127,-117,1.0,1.0,0.5594713656387665,0.5391705069124424,0.5092390701799772,2026-09-05T14:15:04Z,2026-09-05T14:15:04Z,143399,MIN @ CWS,2026-09-05T23:10:00Z,scheduled,False,active
2026-09-05T14:19:32.871230+00:00,72556fcd-221d-459e-9ef9-705b2a4f5e8f,cd5f8436-9b84-47e7-b8bf-4a999a4fa680,4f1665df-2299-4f99-8315-88786549df30,Jeffrey Springs,hits_allowed,4.5,-143,-104,0.9,1.06,0.588477366255144,0.5098039215686274,0.5358166189111747,2026-09-05T09:58:03Z,2026-09-05T09:58:03Z,144250,ATH @ SEA,2026-09-06T01:40:00Z,scheduled,False,active
2026-09-05T14:19:32.871230+00:00,6bcfba4f-43cf-44b4-9920-4ab9ce66ac1a,b665cd74-3b0e-46c2-a352-dd22eb6e26ac,3c1407a7-f2e9-43d6-ba9a-d75baa51996c,Matthew Liberatore,hits_allowed,5.5,-162,108,0.85,1.12,0.6183206106870229,0.4807692307692308,0.5625751302257246,2026-09-05T12:04:03Z,2026-09-05T12:04:03Z,142477,STL @ COL,2026-09-06T00:10:00Z,scheduled,False,active
2026-09-05T14:19:32.871230+00:00,1c8e7a13-ae40-45d0-a620-c02dce1a4921,2fc64fa2-8e54-46bd-b158-104cac106bc9,b3fbad18-741d-44be-9ccd-b4f0833a843d,Max Scherzer,hits_allowed,5.5,108,-162,1.12,0.85,0.4807692307692308,0.6183206106870229,0.43742486977427536,2026-09-05T14:08:03Z,2026-09-05T14:08:03Z,143171,TOR @ KC,2026-09-05T23:10:00Z,scheduled,False,active
2026-09-05T14:19:32.871230+00:00,3b99d6c5-9e4e-475a-bd8f-cac13501381a,5c02cab8-5cac-43f0-8b6a-296585eaac16,1780ec99-888d-47c8-87aa-a09447544fd1,Ryan Gusto,hits_allowed,4.5,-121,-124,1.0,1.0,0.5475113122171946,0.5535714285714286,0.49724811036912014,2026-09-05T11:47:03Z,2026-09-05T11:47:03Z,143249,CHC @ MIA,2026-09-05T20:10:00Z,scheduled,False,active
2026-09-05T14:19:32.871230+00:00,55246085-a024-4568-9e8b-5d645aa486a6,08d881fa-b926-4dc4-9d27-b31b21b6fbd0,92ea1a11-e075-4dfc-868e-413eba1b6139,Cade Cavalli,hits_allowed,4.5,-117,-129,1.0,1.0,0.5391705069124424,0.5633187772925764,0.48904829701018504,2026-09-05T13:24:03Z,2026-09-05T13:24:03Z,143706,WSH @ LAD,2026-09-06T01:10:00Z,scheduled,False,active
2026-09-05T14:19:32.871230+00:00,f562d0fa-a8be-4cdf-a828-24843933839e,a1eac2e6-3d15-4e02-bb08-85adba07f05f,dfa7a120-7f4e-4c56-b4a4-fe82f157cffe,Braxton Ashcraft,hits_allowed,4.5,-136,-110,1.0,1.0,0.576271186440678,0.5238095238095238,0.5238444607483492,2026-09-05T12:52:03Z,2026-09-05T12:52:03Z,144399,LAA @ PIT,2026-09-05T22:40:00Z,scheduled,False,active
2026-09-05T14:19:32.871230+00:00,fd3d41cf-5673-4c2e-a415-36bf6679bda5,6287838e-7b14-4478-acce-3923a07275be,6e64b0e7-90bc-40e1-a837-a81cd48621f9,Parker Messick,hits_allowed,4.5,-150,100,0.88,1.08,0.6,0.5,0.5454545454545454,2026-09-05T11:54:03Z,2026-09-05T11:54:03Z,144436,DET @ CLE,2026-09-05T22:10:00Z,scheduled,False,active
2026-09-05T14:19:32.871230+00:00,b7483586-e1fc-4baa-9b25-02e51ad118c1,42822256-7ce6-4bc1-962c-b5b78283597f,7ff96924-4a77-44af-8563-efabc42683c8,Zac Thornton,hits_allowed,4.5,-143,-104,0.9,1.06,0.588477366255144,0.5098039215686274,0.5358166189111747,2026-09-05T11:55:23Z,2026-09-05T11:55:23Z,142349,SF @ NYM,2026-09-05T20:10:00Z,scheduled,False,active
2026-09-05T14:19:32.871230+00:00,4a5943ea-e8fb-45a1-9f81-8c4692c91e91,83d17baf-8a89-4048-8463-0c34462e2e43,6c22ff70-0805-4cee-9153-b4c815db7197,Anthony Kay,hits_allowed,4.5,-112,-134,1.0,1.0,0.5283018867924528,0.5726495726495726,0.47985938186611976,2026-09-05T14:10:09Z,2026-09-05T14:10:09Z,143399,MIN @ CWS,2026-09-05T23:10:00Z,scheduled,False,active
2026-09-05T14:19:32.871230+00:00,a7fe9467-8111-4243-978d-499c6b0b4720,0c052305-1bd4-420d-b3a2-2b8f51e8ab78,59f0b422-dda2-4a0e-abbd-f1e6edc0407c,Mason Adams,hits_allowed,5.5,113,-167,1.11,0.84,0.4694835680751174,0.6254681647940075,0.4287710170063111,2026-09-05T13:45:04Z,2026-09-05T13:45:04Z,142477,STL @ COL,2026-09-06T00:10:00Z,scheduled,False,active
2026-09-05T14:19:32.871230+00:00,04f3582e-beb3-4ac7-95e1-b8df4beb992f,6c109b5f-537e-4a94-b4e1-395ed2e50191,861547c6-0433-4120-88f0-247aeb6bcc2a,Ethan Pecko,hits_allowed,4.5,-105,-143,1.06,0.9,0.5121951219512195,0.588477366255144,0.46534743753419655,2026-09-05T12:38:03Z,2026-09-05T12:38:03Z,144479,AZ @ HOU,2026-09-05T23:15:00Z,scheduled,False,active
